label,county,state_abbr,state_name,fips,ers_region
"Abbeville County, SC",Abbeville County,SC,South Carolina,45001,Southern Seaboard
"Acadia Parish, LA",Acadia Parish,LA,Louisiana,22001,Mississippi Portal
"Accomack County, VA",Accomack County,VA,Virginia,51001,Southern Seaboard
"Ada County, ID",Ada County,ID,Idaho,16001,Fruitful Rim
"Adair County, IA",Adair County,IA,Iowa,19001,Heartland
"Adair County, KY",Adair County,KY,Kentucky,21001,Eastern Uplands
"Adair County, MO",Adair County,MO,Missouri,29001,Heartland
"Adair County, OK",Adair County,OK,Oklahoma,40001,Eastern Uplands
"Adams County, CO",Adams County,CO,Colorado,8001,Prairie Gateway
"Adams County, IA",Adams County,IA,Iowa,19003,Heartland
"Adams County, ID",Adams County,ID,Idaho,16003,Fruitful Rim
"Adams County, IL",Adams County,IL,Illinois,17001,Heartland
"Adams County, IN",Adams County,IN,Indiana,18001,Heartland
"Adams County, MS",Adams County,MS,Mississippi,28001,Mississippi Portal
"Adams County, ND",Adams County,ND,North Dakota,38001,Northern Great Plains
"Adams County, NE",Adams County,NE,Nebraska,31001,Prairie Gateway
"Adams County, OH",Adams County,OH,Ohio,39001,Heartland
"Adams County, PA",Adams County,PA,Pennsylvania,42001,Northern Crescent
"Adams County, WA",Adams County,WA,Washington,53001,Fruitful Rim
"Adams County, WI",Adams County,WI,Wisconsin,55001,Northern Crescent
"Addison County, VT",Addison County,VT,Vermont,50001,Northern Crescent
"Aiken County, SC",Aiken County,SC,South Carolina,45003,Southern Seaboard
"Aitkin County, MN",Aitkin County,MN,Minnesota,27001,Northern Crescent
"Alachua County, FL",Alachua County,FL,Florida,12001,Fruitful Rim
"Alamance County, NC",Alamance County,NC,North Carolina,37001,Southern Seaboard
"Alameda County, CA",Alameda County,CA,California,6001,Fruitful Rim
"Alamosa County, CO",Alamosa County,CO,Colorado,8003,Basin and Range
"Albany County, NY",Albany County,NY,New York,36001,Northern Crescent
"Albany County, WY",Albany County,WY,Wyoming,56001,Basin and Range
"Albemarle County, VA",Albemarle County,VA,Virginia,51003,Southern Seaboard
"Alcona County, MI",Alcona County,MI,Michigan,26001,Northern Crescent
"Alcorn County, MS",Alcorn County,MS,Mississippi,28003,Mississippi Portal
"Aleutians East Borough, AK",Aleutians East Borough,AK,Alaska,2013,
"Aleutians West Census Area, AK",Aleutians West Census Area,AK,Alaska,2016,
"Alexander County, IL",Alexander County,IL,Illinois,17003,Heartland
"Alexander County, NC",Alexander County,NC,North Carolina,37003,Southern Seaboard
"Alexandria City, VA",Alexandria City,VA,Virginia,51510,Southern Seaboard
"Alfalfa County, OK",Alfalfa County,OK,Oklahoma,40003,Prairie Gateway
"Alger County, MI",Alger County,MI,Michigan,26003,Northern Crescent
"Allamakee County, IA",Allamakee County,IA,Iowa,19005,Heartland
"Allegan County, MI",Allegan County,MI,Michigan,26005,Northern Crescent
"Allegany County, MD",Allegany County,MD,Maryland,24001,Eastern Uplands
"Allegany County, NY",Allegany County,NY,New York,36003,Northern Crescent
"Alleghany County, NC",Alleghany County,NC,North Carolina,37005,Southern Seaboard
"Alleghany County, VA",Alleghany County,VA,Virginia,51005,Eastern Uplands
"Allegheny County, PA",Allegheny County,PA,Pennsylvania,42003,Eastern Uplands
"Allen County, IN",Allen County,IN,Indiana,18003,Heartland
"Allen County, KS",Allen County,KS,Kansas,20001,Prairie Gateway
"Allen County, KY",Allen County,KY,Kentucky,21003,Eastern Uplands
"Allen County, OH",Allen County,OH,Ohio,39003,Heartland
"Allen Parish, LA",Allen Parish,LA,Louisiana,22003,Mississippi Portal
"Allendale County, SC",Allendale County,SC,South Carolina,45005,Fruitful Rim
"Alpena County, MI",Alpena County,MI,Michigan,26007,Northern Crescent
"Alpine County, CA",Alpine County,CA,California,6003,Basin and Range
"Amador County, CA",Amador County,CA,California,6005,Basin and Range
"Amelia County, VA",Amelia County,VA,Virginia,51007,Southern Seaboard
"Amherst County, VA",Amherst County,VA,Virginia,51009,Southern Seaboard
"Amite County, MS",Amite County,MS,Mississippi,28005,Mississippi Portal
"Anchorage Municipality, AK",Anchorage Municipality,AK,Alaska,2020,
"Anderson County, KS",Anderson County,KS,Kansas,20003,Prairie Gateway
"Anderson County, KY",Anderson County,KY,Kentucky,21005,Eastern Uplands
"Anderson County, SC",Anderson County,SC,South Carolina,45007,Southern Seaboard
"Anderson County, TN",Anderson County,TN,Tennessee,47001,Eastern Uplands
"Anderson County, TX",Anderson County,TX,Texas,48001,Southern Seaboard
"Andrew County, MO",Andrew County,MO,Missouri,29003,Heartland
"Andrews County, TX",Andrews County,TX,Texas,48003,Prairie Gateway
"Androscoggin County, ME",Androscoggin County,ME,Maine,23001,Northern Crescent
"Angelina County, TX",Angelina County,TX,Texas,48005,Southern Seaboard
"Anne Arundel County, MD",Anne Arundel County,MD,Maryland,24003,Southern Seaboard
"Anoka County, MN",Anoka County,MN,Minnesota,27003,Northern Crescent
"Anson County, NC",Anson County,NC,North Carolina,37007,Southern Seaboard
"Antelope County, NE",Antelope County,NE,Nebraska,31003,Heartland
"Antrim County, MI",Antrim County,MI,Michigan,26009,Northern Crescent
"Apache County, AZ",Apache County,AZ,Arizona,4001,Basin and Range
"Appanoose County, IA",Appanoose County,IA,Iowa,19007,Heartland
"Appling County, GA",Appling County,GA,Georgia,13001,Fruitful Rim
"Appomattox County, VA",Appomattox County,VA,Virginia,51011,Southern Seaboard
"Aransas County, TX",Aransas County,TX,Texas,48007,Fruitful Rim
"Arapahoe County, CO",Arapahoe County,CO,Colorado,8005,Prairie Gateway
"Archer County, TX",Archer County,TX,Texas,48009,Prairie Gateway
"Archuleta County, CO",Archuleta County,CO,Colorado,8007,Basin and Range
"Arenac County, MI",Arenac County,MI,Michigan,26011,Northern Crescent
"Arkansas County, AR",Arkansas County,AR,Arkansas,5001,Mississippi Portal
"Arlington County, VA",Arlington County,VA,Virginia,51013,Southern Seaboard
"Armstrong County, PA",Armstrong County,PA,Pennsylvania,42005,Eastern Uplands
"Armstrong County, TX",Armstrong County,TX,Texas,48011,Prairie Gateway
"Aroostook County, ME",Aroostook County,ME,Maine,23003,Northern Crescent
"Arthur County, NE",Arthur County,NE,Nebraska,31005,Northern Great Plains
"Ascension Parish, LA",Ascension Parish,LA,Louisiana,22005,Mississippi Portal
"Ashe County, NC",Ashe County,NC,North Carolina,37009,Southern Seaboard
"Ashland County, OH",Ashland County,OH,Ohio,39005,Northern Crescent
"Ashland County, WI",Ashland County,WI,Wisconsin,55003,Northern Crescent
"Ashley County, AR",Ashley County,AR,Arkansas,5003,Mississippi Portal
"Ashtabula County, OH",Ashtabula County,OH,Ohio,39007,Northern Crescent
"Asotin County, WA",Asotin County,WA,Washington,53003,Basin and Range
"Assumption Parish, LA",Assumption Parish,LA,Louisiana,22007,Mississippi Portal
"Atascosa County, TX",Atascosa County,TX,Texas,48013,Fruitful Rim
"Atchison County, KS",Atchison County,KS,Kansas,20005,Prairie Gateway
"Atchison County, MO",Atchison County,MO,Missouri,29005,Heartland
"Athens County, OH",Athens County,OH,Ohio,39009,Eastern Uplands
"Atkinson County, GA",Atkinson County,GA,Georgia,13003,Southern Seaboard
"Atlantic County, NJ",Atlantic County,NJ,New Jersey,34001,Northern Crescent
"Atoka County, OK",Atoka County,OK,Oklahoma,40005,Prairie Gateway
"Attala County, MS",Attala County,MS,Mississippi,28007,Mississippi Portal
"Audrain County, MO",Audrain County,MO,Missouri,29007,Heartland
"Audubon County, IA",Audubon County,IA,Iowa,19009,Heartland
"Auglaize County, OH",Auglaize County,OH,Ohio,39011,Heartland
"Augusta County, VA",Augusta County,VA,Virginia,51015,Eastern Uplands
"Aurora County, SD",Aurora County,SD,South Dakota,46003,Northern Great Plains
"Austin County, TX",Austin County,TX,Texas,48015,Prairie Gateway
"Autauga County, AL",Autauga County,AL,Alabama,1001,Southern Seaboard
"Avery County, NC",Avery County,NC,North Carolina,37011,Southern Seaboard
"Avoyelles Parish, LA",Avoyelles Parish,LA,Louisiana,22009,Mississippi Portal
"Baca County, CO",Baca County,CO,Colorado,8009,Prairie Gateway
"Bacon County, GA",Bacon County,GA,Georgia,13005,Fruitful Rim
"Bailey County, TX",Bailey County,TX,Texas,48017,Prairie Gateway
"Baker County, FL",Baker County,FL,Florida,12003,Fruitful Rim
"Baker County, GA",Baker County,GA,Georgia,13007,Southern Seaboard
"Baker County, OR",Baker County,OR,Oregon,41001,Fruitful Rim
"Baldwin County, AL",Baldwin County,AL,Alabama,1003,Southern Seaboard
"Baldwin County, GA",Baldwin County,GA,Georgia,13009,Southern Seaboard
"Ballard County, KY",Ballard County,KY,Kentucky,21007,Heartland
"Baltimore City, MD",Baltimore City,MD,Maryland,24510,Northern Crescent
"Baltimore County, MD",Baltimore County,MD,Maryland,24005,Northern Crescent
"Bamberg County, SC",Bamberg County,SC,South Carolina,45009,Fruitful Rim
"Bandera County, TX",Bandera County,TX,Texas,48019,Prairie Gateway
"Banks County, GA",Banks County,GA,Georgia,13011,Southern Seaboard
"Banner County, NE",Banner County,NE,Nebraska,31007,Northern Great Plains
"Bannock County, ID",Bannock County,ID,Idaho,16005,Fruitful Rim
"Baraga County, MI",Baraga County,MI,Michigan,26013,Northern Crescent
"Barber County, KS",Barber County,KS,Kansas,20007,Prairie Gateway
"Barbour County, AL",Barbour County,AL,Alabama,1005,Southern Seaboard
"Barbour County, WV",Barbour County,WV,West Virginia,54001,Eastern Uplands
"Barnes County, ND",Barnes County,ND,North Dakota,38003,Northern Great Plains
"Barnstable County, MA",Barnstable County,MA,Massachusetts,25001,Northern Crescent
"Barnwell County, SC",Barnwell County,SC,South Carolina,45011,Fruitful Rim
"Barren County, KY",Barren County,KY,Kentucky,21009,Eastern Uplands
"Barron County, WI",Barron County,WI,Wisconsin,55005,Northern Crescent
"Barrow County, GA",Barrow County,GA,Georgia,13013,Southern Seaboard
"Barry County, MI",Barry County,MI,Michigan,26015,Northern Crescent
"Barry County, MO",Barry County,MO,Missouri,29009,Eastern Uplands
"Bartholomew County, IN",Bartholomew County,IN,Indiana,18005,Heartland
"Barton County, KS",Barton County,KS,Kansas,20009,Prairie Gateway
"Barton County, MO",Barton County,MO,Missouri,29011,Eastern Uplands
"Bartow County, GA",Bartow County,GA,Georgia,13015,Eastern Uplands
"Bastrop County, TX",Bastrop County,TX,Texas,48021,Prairie Gateway
"Bates County, MO",Bates County,MO,Missouri,29013,Heartland
"Bath County, KY",Bath County,KY,Kentucky,21011,Eastern Uplands
"Bath County, VA",Bath County,VA,Virginia,51017,Eastern Uplands
"Baxter County, AR",Baxter County,AR,Arkansas,5005,Eastern Uplands
"Bay County, FL",Bay County,FL,Florida,12005,Fruitful Rim
"Bay County, MI",Bay County,MI,Michigan,26017,Northern Crescent
"Bayfield County, WI",Bayfield County,WI,Wisconsin,55007,Northern Crescent
"Baylor County, TX",Baylor County,TX,Texas,48023,Prairie Gateway
"Beadle County, SD",Beadle County,SD,South Dakota,46005,Northern Great Plains
"Bear Lake County, ID",Bear Lake County,ID,Idaho,16007,Fruitful Rim
"Beaufort County, NC",Beaufort County,NC,North Carolina,37013,Southern Seaboard
"Beaufort County, SC",Beaufort County,SC,South Carolina,45013,Fruitful Rim
"Beauregard Parish, LA",Beauregard Parish,LA,Louisiana,22011,Mississippi Portal
"Beaver County, OK",Beaver County,OK,Oklahoma,40007,Prairie Gateway
"Beaver County, PA",Beaver County,PA,Pennsylvania,42007,Eastern Uplands
"Beaver County, UT",Beaver County,UT,Utah,49001,Basin and Range
"Beaverhead County, MT",Beaverhead County,MT,Montana,30001,Basin and Range
"Becker County, MN",Becker County,MN,Minnesota,27005,Northern Great Plains
"Beckham County, OK",Beckham County,OK,Oklahoma,40009,Prairie Gateway
"Bedford County, PA",Bedford County,PA,Pennsylvania,42009,Northern Crescent
"Bedford County, TN",Bedford County,TN,Tennessee,47003,Eastern Uplands
"Bedford County, VA",Bedford County,VA,Virginia,51019,Southern Seaboard
"Bee County, TX",Bee County,TX,Texas,48025,Prairie Gateway
"Belknap County, NH",Belknap County,NH,New Hampshire,33001,Northern Crescent
"Bell County, KY",Bell County,KY,Kentucky,21013,Eastern Uplands
"Bell County, TX",Bell County,TX,Texas,48027,Prairie Gateway
"Belmont County, OH",Belmont County,OH,Ohio,39013,Eastern Uplands
"Beltrami County, MN",Beltrami County,MN,Minnesota,27007,Northern Crescent
"Ben Hill County, GA",Ben Hill County,GA,Georgia,13017,Southern Seaboard
"Benewah County, ID",Benewah County,ID,Idaho,16009,Basin and Range
"Bennett County, SD",Bennett County,SD,South Dakota,46007,Northern Great Plains
"Bennington County, VT",Bennington County,VT,Vermont,50003,Northern Crescent
"Benson County, ND",Benson County,ND,North Dakota,38005,Northern Great Plains
"Bent County, CO",Bent County,CO,Colorado,8011,Prairie Gateway
"Benton County, AR",Benton County,AR,Arkansas,5007,Eastern Uplands
"Benton County, IA",Benton County,IA,Iowa,19011,Heartland
"Benton County, IN",Benton County,IN,Indiana,18007,Heartland
"Benton County, MN",Benton County,MN,Minnesota,27009,Northern Crescent
"Benton County, MO",Benton County,MO,Missouri,29015,Heartland
"Benton County, MS",Benton County,MS,Mississippi,28009,Mississippi Portal
"Benton County, OR",Benton County,OR,Oregon,41003,Fruitful Rim
"Benton County, TN",Benton County,TN,Tennessee,47005,Mississippi Portal
"Benton County, WA",Benton County,WA,Washington,53005,Fruitful Rim
"Benzie County, MI",Benzie County,MI,Michigan,26019,Northern Crescent
"Bergen County, NJ",Bergen County,NJ,New Jersey,34003,Northern Crescent
"Berkeley County, SC",Berkeley County,SC,South Carolina,45015,Fruitful Rim
"Berkeley County, WV",Berkeley County,WV,West Virginia,54003,Eastern Uplands
"Berks County, PA",Berks County,PA,Pennsylvania,42011,Northern Crescent
"Berkshire County, MA",Berkshire County,MA,Massachusetts,25003,Northern Crescent
"Bernalillo County, NM",Bernalillo County,NM,New Mexico,35001,Basin and Range
"Berrien County, GA",Berrien County,GA,Georgia,13019,Southern Seaboard
"Berrien County, MI",Berrien County,MI,Michigan,26021,Northern Crescent
"Bertie County, NC",Bertie County,NC,North Carolina,37015,Southern Seaboard
"Bethel Census Area, AK",Bethel Census Area,AK,Alaska,2050,
"Bexar County, TX",Bexar County,TX,Texas,48029,Prairie Gateway
"Bibb County, AL",Bibb County,AL,Alabama,1007,Eastern Uplands
"Bibb County, GA",Bibb County,GA,Georgia,13021,Southern Seaboard
"Bienville Parish, LA",Bienville Parish,LA,Louisiana,22013,Southern Seaboard
"Big Horn County, MT",Big Horn County,MT,Montana,30003,Basin and Range
"Big Horn County, WY",Big Horn County,WY,Wyoming,56003,Basin and Range
"Big Stone County, MN",Big Stone County,MN,Minnesota,27011,Heartland
"Billings County, ND",Billings County,ND,North Dakota,38007,Northern Great Plains
"Bingham County, ID",Bingham County,ID,Idaho,16011,Fruitful Rim
"Black Hawk County, IA",Black Hawk County,IA,Iowa,19013,Heartland
"Blackford County, IN",Blackford County,IN,Indiana,18009,Heartland
"Bladen County, NC",Bladen County,NC,North Carolina,37017,Southern Seaboard
"Blaine County, ID",Blaine County,ID,Idaho,16013,Fruitful Rim
"Blaine County, MT",Blaine County,MT,Montana,30005,Northern Great Plains
"Blaine County, NE",Blaine County,NE,Nebraska,31009,Northern Great Plains
"Blaine County, OK",Blaine County,OK,Oklahoma,40011,Prairie Gateway
"Blair County, PA",Blair County,PA,Pennsylvania,42013,Northern Crescent
"Blanco County, TX",Blanco County,TX,Texas,48031,Prairie Gateway
"Bland County, VA",Bland County,VA,Virginia,51021,Eastern Uplands
"Bleckley County, GA",Bleckley County,GA,Georgia,13023,Southern Seaboard
"Bledsoe County, TN",Bledsoe County,TN,Tennessee,47007,Eastern Uplands
"Blount County, AL",Blount County,AL,Alabama,1009,Eastern Uplands
"Blount County, TN",Blount County,TN,Tennessee,47009,Eastern Uplands
"Blue Earth County, MN",Blue Earth County,MN,Minnesota,27013,Heartland
"Boise County, ID",Boise County,ID,Idaho,16015,Fruitful Rim
"Bolivar County, MS",Bolivar County,MS,Mississippi,28011,Mississippi Portal
"Bollinger County, MO",Bollinger County,MO,Missouri,29017,Eastern Uplands
"Bon Homme County, SD",Bon Homme County,SD,South Dakota,46009,Heartland
"Bond County, IL",Bond County,IL,Illinois,17005,Heartland
"Bonner County, ID",Bonner County,ID,Idaho,16017,Basin and Range
"Bonneville County, ID",Bonneville County,ID,Idaho,16019,Fruitful Rim
"Boone County, AR",Boone County,AR,Arkansas,5009,Eastern Uplands
"Boone County, IA",Boone County,IA,Iowa,19015,Heartland
"Boone County, IL",Boone County,IL,Illinois,17007,Heartland
"Boone County, IN",Boone County,IN,Indiana,18011,Heartland
"Boone County, KY",Boone County,KY,Kentucky,21015,Eastern Uplands
"Boone County, MO",Boone County,MO,Missouri,29019,Heartland
"Boone County, NE",Boone County,NE,Nebraska,31011,Heartland
"Boone County, WV",Boone County,WV,West Virginia,54005,Eastern Uplands
"Borden County, TX",Borden County,TX,Texas,48033,Prairie Gateway
"Bosque County, TX",Bosque County,TX,Texas,48035,Prairie Gateway
"Bossier Parish, LA",Bossier Parish,LA,Louisiana,22015,Southern Seaboard
"Botetourt County, VA",Botetourt County,VA,Virginia,51023,Eastern Uplands
"Bottineau County, ND",Bottineau County,ND,North Dakota,38009,Northern Great Plains
"Boulder County, CO",Boulder County,CO,Colorado,8013,Northern Great Plains
"Boundary County, ID",Boundary County,ID,Idaho,16021,Basin and Range
"Bourbon County, KS",Bourbon County,KS,Kansas,20011,Prairie Gateway
"Bourbon County, KY",Bourbon County,KY,Kentucky,21017,Eastern Uplands
"Bowie County, TX",Bowie County,TX,Texas,48037,Southern Seaboard
"Bowman County, ND",Bowman County,ND,North Dakota,38011,Northern Great Plains
"Box Butte County, NE",Box Butte County,NE,Nebraska,31013,Northern Great Plains
"Box Elder County, UT",Box Elder County,UT,Utah,49003,Basin and Range
"Boyd County, KY",Boyd County,KY,Kentucky,21019,Eastern Uplands
"Boyd County, NE",Boyd County,NE,Nebraska,31015,Northern Great Plains
"Boyle County, KY",Boyle County,KY,Kentucky,21021,Eastern Uplands
"Bracken County, KY",Bracken County,KY,Kentucky,21023,Eastern Uplands
"Bradford County, FL",Bradford County,FL,Florida,12007,Fruitful Rim
"Bradford County, PA",Bradford County,PA,Pennsylvania,42015,Northern Crescent
"Bradley County, AR",Bradley County,AR,Arkansas,5011,Southern Seaboard
"Bradley County, TN",Bradley County,TN,Tennessee,47011,Eastern Uplands
"Branch County, MI",Branch County,MI,Michigan,26023,Northern Crescent
"Brantley County, GA",Brantley County,GA,Georgia,13025,Fruitful Rim
"Braxton County, WV",Braxton County,WV,West Virginia,54007,Eastern Uplands
"Brazoria County, TX",Brazoria County,TX,Texas,48039,Fruitful Rim
"Brazos County, TX",Brazos County,TX,Texas,48041,Southern Seaboard
"Breathitt County, KY",Breathitt County,KY,Kentucky,21025,Eastern Uplands
"Breckinridge County, KY",Breckinridge County,KY,Kentucky,21027,Eastern Uplands
"Bremer County, IA",Bremer County,IA,Iowa,19017,Heartland
"Brevard County, FL",Brevard County,FL,Florida,12009,Fruitful Rim
"Brewster County, TX",Brewster County,TX,Texas,48043,Fruitful Rim
"Briscoe County, TX",Briscoe County,TX,Texas,48045,Prairie Gateway
"Bristol Bay Borough, AK",Bristol Bay Borough,AK,Alaska,2060,
"Bristol City, VA",Bristol City,VA,Virginia,51520,Eastern Uplands
"Bristol County, MA",Bristol County,MA,Massachusetts,25005,Northern Crescent
"Bristol County, RI",Bristol County,RI,Rhode Island,44001,Northern Crescent
"Broadwater County, MT",Broadwater County,MT,Montana,30007,Basin and Range
"Bronx County, NY",Bronx County,NY,New York,36005,Northern Crescent
"Brooke County, WV",Brooke County,WV,West Virginia,54009,Eastern Uplands
"Brookings County, SD",Brookings County,SD,South Dakota,46011,Heartland
"Brooks County, GA",Brooks County,GA,Georgia,13027,Southern Seaboard
"Brooks County, TX",Brooks County,TX,Texas,48047,Fruitful Rim
"Broome County, NY",Broome County,NY,New York,36007,Northern Crescent
"Broomfield County, CO",Broomfield County,CO,Colorado,8014,
"Broward County, FL",Broward County,FL,Florida,12011,Fruitful Rim
"Brown County, IL",Brown County,IL,Illinois,17009,Heartland
"Brown County, IN",Brown County,IN,Indiana,18013,Heartland
"Brown County, KS",Brown County,KS,Kansas,20013,Prairie Gateway
"Brown County, MN",Brown County,MN,Minnesota,27015,Heartland
"Brown County, NE",Brown County,NE,Nebraska,31017,Northern Great Plains
"Brown County, OH",Brown County,OH,Ohio,39015,Heartland
"Brown County, SD",Brown County,SD,South Dakota,46013,Northern Great Plains
"Brown County, TX",Brown County,TX,Texas,48049,Prairie Gateway
"Brown County, WI",Brown County,WI,Wisconsin,55009,Northern Crescent
"Brule County, SD",Brule County,SD,South Dakota,46015,Northern Great Plains
"Brunswick County, NC",Brunswick County,NC,North Carolina,37019,Southern Seaboard
"Brunswick County, VA",Brunswick County,VA,Virginia,51025,Southern Seaboard
"Bryan County, GA",Bryan County,GA,Georgia,13029,Fruitful Rim
"Bryan County, OK",Bryan County,OK,Oklahoma,40013,Prairie Gateway
"Buchanan County, IA",Buchanan County,IA,Iowa,19019,Heartland
"Buchanan County, MO",Buchanan County,MO,Missouri,29021,Heartland
"Buchanan County, VA",Buchanan County,VA,Virginia,51027,Eastern Uplands
"Buckingham County, VA",Buckingham County,VA,Virginia,51029,Southern Seaboard
"Bucks County, PA",Bucks County,PA,Pennsylvania,42017,Northern Crescent
"Buena Vista City, VA",Buena Vista City,VA,Virginia,51530,Eastern Uplands
"Buena Vista County, IA",Buena Vista County,IA,Iowa,19021,Heartland
"Buffalo County, NE",Buffalo County,NE,Nebraska,31019,Prairie Gateway
"Buffalo County, SD",Buffalo County,SD,South Dakota,46017,Northern Great Plains
"Buffalo County, WI",Buffalo County,WI,Wisconsin,55011,Northern Crescent
"Bullitt County, KY",Bullitt County,KY,Kentucky,21029,Eastern Uplands
"Bulloch County, GA",Bulloch County,GA,Georgia,13031,Southern Seaboard
"Bullock County, AL",Bullock County,AL,Alabama,1011,Southern Seaboard
"Buncombe County, NC",Buncombe County,NC,North Carolina,37021,Eastern Uplands
"Bureau County, IL",Bureau County,IL,Illinois,17011,Heartland
"Burke County, GA",Burke County,GA,Georgia,13033,Southern Seaboard
"Burke County, NC",Burke County,NC,North Carolina,37023,Eastern Uplands
"Burke County, ND",Burke County,ND,North Dakota,38013,Northern Great Plains
"Burleigh County, ND",Burleigh County,ND,North Dakota,38015,Northern Great Plains
"Burleson County, TX",Burleson County,TX,Texas,48051,Prairie Gateway
"Burlington County, NJ",Burlington County,NJ,New Jersey,34005,Northern Crescent
"Burnet County, TX",Burnet County,TX,Texas,48053,Prairie Gateway
"Burnett County, WI",Burnett County,WI,Wisconsin,55013,Northern Crescent
"Burt County, NE",Burt County,NE,Nebraska,31021,Heartland
"Butler County, AL",Butler County,AL,Alabama,1013,Southern Seaboard
"Butler County, IA",Butler County,IA,Iowa,19023,Heartland
"Butler County, KS",Butler County,KS,Kansas,20015,Prairie Gateway
"Butler County, KY",Butler County,KY,Kentucky,21031,Eastern Uplands
"Butler County, MO",Butler County,MO,Missouri,29023,Heartland
"Butler County, NE",Butler County,NE,Nebraska,31023,Heartland
"Butler County, OH",Butler County,OH,Ohio,39017,Heartland
"Butler County, PA",Butler County,PA,Pennsylvania,42019,Eastern Uplands
"Butte County, CA",Butte County,CA,California,6007,Fruitful Rim
"Butte County, ID",Butte County,ID,Idaho,16023,Fruitful Rim
"Butte County, SD",Butte County,SD,South Dakota,46019,Northern Great Plains
"Butts County, GA",Butts County,GA,Georgia,13035,Southern Seaboard
"Cabarrus County, NC",Cabarrus County,NC,North Carolina,37025,Southern Seaboard
"Cabell County, WV",Cabell County,WV,West Virginia,54011,Eastern Uplands
"Cache County, UT",Cache County,UT,Utah,49005,Basin and Range
"Caddo County, OK",Caddo County,OK,Oklahoma,40015,Prairie Gateway
"Caddo Parish, LA",Caddo Parish,LA,Louisiana,22017,Southern Seaboard
"Calaveras County, CA",Calaveras County,CA,California,6009,Basin and Range
"Calcasieu Parish, LA",Calcasieu Parish,LA,Louisiana,22019,Mississippi Portal
"Caldwell County, KY",Caldwell County,KY,Kentucky,21033,Heartland
"Caldwell County, MO",Caldwell County,MO,Missouri,29025,Heartland
"Caldwell County, NC",Caldwell County,NC,North Carolina,37027,Southern Seaboard
"Caldwell County, TX",Caldwell County,TX,Texas,48055,Prairie Gateway
"Caldwell Parish, LA",Caldwell Parish,LA,Louisiana,22021,Southern Seaboard
"Caledonia County, VT",Caledonia County,VT,Vermont,50005,Northern Crescent
"Calhoun County, AL",Calhoun County,AL,Alabama,1015,Eastern Uplands
"Calhoun County, AR",Calhoun County,AR,Arkansas,5013,Southern Seaboard
"Calhoun County, FL",Calhoun County,FL,Florida,12013,Fruitful Rim
"Calhoun County, GA",Calhoun County,GA,Georgia,13037,Southern Seaboard
"Calhoun County, IA",Calhoun County,IA,Iowa,19025,Heartland
"Calhoun County, IL",Calhoun County,IL,Illinois,17013,Heartland
"Calhoun County, MI",Calhoun County,MI,Michigan,26025,Northern Crescent
"Calhoun County, MS",Calhoun County,MS,Mississippi,28013,Mississippi Portal
"Calhoun County, SC",Calhoun County,SC,South Carolina,45017,Southern Seaboard
"Calhoun County, TX",Calhoun County,TX,Texas,48057,Fruitful Rim
"Calhoun County, WV",Calhoun County,WV,West Virginia,54013,Eastern Uplands
"Callahan County, TX",Callahan County,TX,Texas,48059,Prairie Gateway
"Callaway County, MO",Callaway County,MO,Missouri,29027,Heartland
"Calloway County, KY",Calloway County,KY,Kentucky,21035,Heartland
"Calumet County, WI",Calumet County,WI,Wisconsin,55015,Northern Crescent
"Calvert County, MD",Calvert County,MD,Maryland,24009,Southern Seaboard
"Camas County, ID",Camas County,ID,Idaho,16025,Fruitful Rim
"Cambria County, PA",Cambria County,PA,Pennsylvania,42021,Northern Crescent
"Camden County, GA",Camden County,GA,Georgia,13039,Fruitful Rim
"Camden County, MO",Camden County,MO,Missouri,29029,Heartland
"Camden County, NC",Camden County,NC,North Carolina,37029,Southern Seaboard
"Camden County, NJ",Camden County,NJ,New Jersey,34007,Northern Crescent
"Cameron County, PA",Cameron County,PA,Pennsylvania,42023,Northern Crescent
"Cameron County, TX",Cameron County,TX,Texas,48061,Fruitful Rim
"Cameron Parish, LA",Cameron Parish,LA,Louisiana,22023,Mississippi Portal
"Camp County, TX",Camp County,TX,Texas,48063,Southern Seaboard
"Campbell County, KY",Campbell County,KY,Kentucky,21037,Eastern Uplands
"Campbell County, SD",Campbell County,SD,South Dakota,46021,Northern Great Plains
"Campbell County, TN",Campbell County,TN,Tennessee,47013,Eastern Uplands
"Campbell County, VA",Campbell County,VA,Virginia,51031,Southern Seaboard
"Campbell County, WY",Campbell County,WY,Wyoming,56005,Northern Great Plains
"Canadian County, OK",Canadian County,OK,Oklahoma,40017,Prairie Gateway
"Candler County, GA",Candler County,GA,Georgia,13043,Southern Seaboard
"Cannon County, TN",Cannon County,TN,Tennessee,47015,Eastern Uplands
"Canyon County, ID",Canyon County,ID,Idaho,16027,Fruitful Rim
"Cape Girardeau County, MO",Cape Girardeau County,MO,Missouri,29031,Heartland
"Cape May County, NJ",Cape May County,NJ,New Jersey,34009,Northern Crescent
"Capitol Planning Region, CT",Capitol Planning Region,CT,Connecticut,9110,
"Carbon County, MT",Carbon County,MT,Montana,30009,Basin and Range
"Carbon County, PA",Carbon County,PA,Pennsylvania,42025,Northern Crescent
"Carbon County, UT",Carbon County,UT,Utah,49007,Basin and Range
"Carbon County, WY",Carbon County,WY,Wyoming,56007,Basin and Range
"Caribou County, ID",Caribou County,ID,Idaho,16029,Fruitful Rim
"Carlisle County, KY",Carlisle County,KY,Kentucky,21039,Heartland
"Carlton County, MN",Carlton County,MN,Minnesota,27017,Northern Crescent
"Caroline County, MD",Caroline County,MD,Maryland,24011,Southern Seaboard
"Caroline County, VA",Caroline County,VA,Virginia,51033,Southern Seaboard
"Carroll County, AR",Carroll County,AR,Arkansas,5015,Eastern Uplands
"Carroll County, GA",Carroll County,GA,Georgia,13045,Southern Seaboard
"Carroll County, IA",Carroll County,IA,Iowa,19027,Heartland
"Carroll County, IL",Carroll County,IL,Illinois,17015,Heartland
"Carroll County, IN",Carroll County,IN,Indiana,18015,Heartland
"Carroll County, KY",Carroll County,KY,Kentucky,21041,Eastern Uplands
"Carroll County, MD",Carroll County,MD,Maryland,24013,Northern Crescent
"Carroll County, MO",Carroll County,MO,Missouri,29033,Heartland
"Carroll County, MS",Carroll County,MS,Mississippi,28015,Mississippi Portal
"Carroll County, NH",Carroll County,NH,New Hampshire,33003,Northern Crescent
"Carroll County, OH",Carroll County,OH,Ohio,39019,Eastern Uplands
"Carroll County, TN",Carroll County,TN,Tennessee,47017,Mississippi Portal
"Carroll County, VA",Carroll County,VA,Virginia,51035,Eastern Uplands
"Carson City, NV",Carson City,NV,Nevada,32510,Basin and Range
"Carson County, TX",Carson County,TX,Texas,48065,Prairie Gateway
"Carter County, KY",Carter County,KY,Kentucky,21043,Eastern Uplands
"Carter County, MO",Carter County,MO,Missouri,29035,Eastern Uplands
"Carter County, MT",Carter County,MT,Montana,30011,Northern Great Plains
"Carter County, OK",Carter County,OK,Oklahoma,40019,Prairie Gateway
"Carter County, TN",Carter County,TN,Tennessee,47019,Eastern Uplands
"Carteret County, NC",Carteret County,NC,North Carolina,37031,Southern Seaboard
"Carver County, MN",Carver County,MN,Minnesota,27019,Northern Crescent
"Cascade County, MT",Cascade County,MT,Montana,30013,Basin and Range
"Casey County, KY",Casey County,KY,Kentucky,21045,Eastern Uplands
"Cass County, IA",Cass County,IA,Iowa,19029,Heartland
"Cass County, IL",Cass County,IL,Illinois,17017,Heartland
"Cass County, IN",Cass County,IN,Indiana,18017,Heartland
"Cass County, MI",Cass County,MI,Michigan,26027,Northern Crescent
"Cass County, MN",Cass County,MN,Minnesota,27021,Northern Crescent
"Cass County, MO",Cass County,MO,Missouri,29037,Heartland
"Cass County, ND",Cass County,ND,North Dakota,38017,Northern Great Plains
"Cass County, NE",Cass County,NE,Nebraska,31025,Heartland
"Cass County, TX",Cass County,TX,Texas,48067,Southern Seaboard
"Cassia County, ID",Cassia County,ID,Idaho,16031,Fruitful Rim
"Castro County, TX",Castro County,TX,Texas,48069,Prairie Gateway
"Caswell County, NC",Caswell County,NC,North Carolina,37033,Southern Seaboard
"Catahoula Parish, LA",Catahoula Parish,LA,Louisiana,22025,Mississippi Portal
"Catawba County, NC",Catawba County,NC,North Carolina,37035,Southern Seaboard
"Catoosa County, GA",Catoosa County,GA,Georgia,13047,Eastern Uplands
"Catron County, NM",Catron County,NM,New Mexico,35003,Basin and Range
"Cattaraugus County, NY",Cattaraugus County,NY,New York,36009,Northern Crescent
"Cavalier County, ND",Cavalier County,ND,North Dakota,38019,Northern Great Plains
"Cayuga County, NY",Cayuga County,NY,New York,36011,Northern Crescent
"Cecil County, MD",Cecil County,MD,Maryland,24015,Southern Seaboard
"Cedar County, IA",Cedar County,IA,Iowa,19031,Heartland
"Cedar County, MO",Cedar County,MO,Missouri,29039,Heartland
"Cedar County, NE",Cedar County,NE,Nebraska,31027,Heartland
"Centre County, PA",Centre County,PA,Pennsylvania,42027,Northern Crescent
"Cerro Gordo County, IA",Cerro Gordo County,IA,Iowa,19033,Heartland
"Chaffee County, CO",Chaffee County,CO,Colorado,8015,Basin and Range
"Chambers County, AL",Chambers County,AL,Alabama,1017,Southern Seaboard
"Chambers County, TX",Chambers County,TX,Texas,48071,Fruitful Rim
"Champaign County, IL",Champaign County,IL,Illinois,17019,Heartland
"Champaign County, OH",Champaign County,OH,Ohio,39021,Heartland
"Chariton County, MO",Chariton County,MO,Missouri,29041,Heartland
"Charles City County, VA",Charles City County,VA,Virginia,51036,Southern Seaboard
"Charles County, MD",Charles County,MD,Maryland,24017,Southern Seaboard
"Charles Mix County, SD",Charles Mix County,SD,South Dakota,46023,Heartland
"Charleston County, SC",Charleston County,SC,South Carolina,45019,Fruitful Rim
"Charlevoix County, MI",Charlevoix County,MI,Michigan,26029,Northern Crescent
"Charlotte County, FL",Charlotte County,FL,Florida,12015,Fruitful Rim
"Charlotte County, VA",Charlotte County,VA,Virginia,51037,Southern Seaboard
"Charlottesville City, VA",Charlottesville City,VA,Virginia,51540,Southern Seaboard
"Charlton County, GA",Charlton County,GA,Georgia,13049,Fruitful Rim
"Chase County, KS",Chase County,KS,Kansas,20017,Prairie Gateway
"Chase County, NE",Chase County,NE,Nebraska,31029,Prairie Gateway
"Chatham County, GA",Chatham County,GA,Georgia,13051,Fruitful Rim
"Chatham County, NC",Chatham County,NC,North Carolina,37037,Southern Seaboard
"Chattahoochee County, GA",Chattahoochee County,GA,Georgia,13053,Southern Seaboard
"Chattooga County, GA",Chattooga County,GA,Georgia,13055,Eastern Uplands
"Chautauqua County, KS",Chautauqua County,KS,Kansas,20019,Prairie Gateway
"Chautauqua County, NY",Chautauqua County,NY,New York,36013,Northern Crescent
"Chaves County, NM",Chaves County,NM,New Mexico,35005,Prairie Gateway
"Cheatham County, TN",Cheatham County,TN,Tennessee,47021,Mississippi Portal
"Cheboygan County, MI",Cheboygan County,MI,Michigan,26031,Northern Crescent
"Chelan County, WA",Chelan County,WA,Washington,53007,Fruitful Rim
"Chemung County, NY",Chemung County,NY,New York,36015,Northern Crescent
"Chenango County, NY",Chenango County,NY,New York,36017,Northern Crescent
"Cherokee County, AL",Cherokee County,AL,Alabama,1019,Eastern Uplands
"Cherokee County, GA",Cherokee County,GA,Georgia,13057,Southern Seaboard
"Cherokee County, IA",Cherokee County,IA,Iowa,19035,Heartland
"Cherokee County, KS",Cherokee County,KS,Kansas,20021,Prairie Gateway
"Cherokee County, NC",Cherokee County,NC,North Carolina,37039,Eastern Uplands
"Cherokee County, OK",Cherokee County,OK,Oklahoma,40021,Eastern Uplands
"Cherokee County, SC",Cherokee County,SC,South Carolina,45021,Southern Seaboard
"Cherokee County, TX",Cherokee County,TX,Texas,48073,Southern Seaboard
"Cherry County, NE",Cherry County,NE,Nebraska,31031,Northern Great Plains
"Chesapeake City, VA",Chesapeake City,VA,Virginia,51550,Southern Seaboard
"Cheshire County, NH",Cheshire County,NH,New Hampshire,33005,Northern Crescent
"Chester County, PA",Chester County,PA,Pennsylvania,42029,Northern Crescent
"Chester County, SC",Chester County,SC,South Carolina,45023,Southern Seaboard
"Chester County, TN",Chester County,TN,Tennessee,47023,Mississippi Portal
"Chesterfield County, SC",Chesterfield County,SC,South Carolina,45025,Southern Seaboard
"Chesterfield County, VA",Chesterfield County,VA,Virginia,51041,Southern Seaboard
"Cheyenne County, CO",Cheyenne County,CO,Colorado,8017,Prairie Gateway
"Cheyenne County, KS",Cheyenne County,KS,Kansas,20023,Prairie Gateway
"Cheyenne County, NE",Cheyenne County,NE,Nebraska,31033,Northern Great Plains
"Chickasaw County, IA",Chickasaw County,IA,Iowa,19037,Heartland
"Chickasaw County, MS",Chickasaw County,MS,Mississippi,28017,Mississippi Portal
"Chicot County, AR",Chicot County,AR,Arkansas,5017,Mississippi Portal
"Childress County, TX",Childress County,TX,Texas,48075,Prairie Gateway
"Chilton County, AL",Chilton County,AL,Alabama,1021,Eastern Uplands
"Chippewa County, MI",Chippewa County,MI,Michigan,26033,Northern Crescent
"Chippewa County, MN",Chippewa County,MN,Minnesota,27023,Heartland
"Chippewa County, WI",Chippewa County,WI,Wisconsin,55017,Northern Crescent
"Chisago County, MN",Chisago County,MN,Minnesota,27025,Northern Crescent
"Chittenden County, VT",Chittenden County,VT,Vermont,50007,Northern Crescent
"Choctaw County, AL",Choctaw County,AL,Alabama,1023,Southern Seaboard
"Choctaw County, MS",Choctaw County,MS,Mississippi,28019,Mississippi Portal
"Choctaw County, OK",Choctaw County,OK,Oklahoma,40023,Eastern Uplands
"Chouteau County, MT",Chouteau County,MT,Montana,30015,Northern Great Plains
"Chowan County, NC",Chowan County,NC,North Carolina,37041,Southern Seaboard
"Christian County, IL",Christian County,IL,Illinois,17021,Heartland
"Christian County, KY",Christian County,KY,Kentucky,21047,Heartland
"Christian County, MO",Christian County,MO,Missouri,29043,Eastern Uplands
"Chugach Census Area, AK",Chugach Census Area,AK,Alaska,2063,
"Churchill County, NV",Churchill County,NV,Nevada,32001,Basin and Range
"Cibola County, NM",Cibola County,NM,New Mexico,35006,Basin and Range
"Cimarron County, OK",Cimarron County,OK,Oklahoma,40025,Prairie Gateway
"Citrus County, FL",Citrus County,FL,Florida,12017,Fruitful Rim
"Clackamas County, OR",Clackamas County,OR,Oregon,41005,Fruitful Rim
"Claiborne County, MS",Claiborne County,MS,Mississippi,28021,Mississippi Portal
"Claiborne County, TN",Claiborne County,TN,Tennessee,47025,Eastern Uplands
"Claiborne Parish, LA",Claiborne Parish,LA,Louisiana,22027,Southern Seaboard
"Clallam County, WA",Clallam County,WA,Washington,53009,Fruitful Rim
"Clare County, MI",Clare County,MI,Michigan,26035,Northern Crescent
"Clarendon County, SC",Clarendon County,SC,South Carolina,45027,Southern Seaboard
"Clarion County, PA",Clarion County,PA,Pennsylvania,42031,Eastern Uplands
"Clark County, AR",Clark County,AR,Arkansas,5019,Southern Seaboard
"Clark County, ID",Clark County,ID,Idaho,16033,Fruitful Rim
"Clark County, IL",Clark County,IL,Illinois,17023,Heartland
"Clark County, IN",Clark County,IN,Indiana,18019,Heartland
"Clark County, KS",Clark County,KS,Kansas,20025,Prairie Gateway
"Clark County, KY",Clark County,KY,Kentucky,21049,Eastern Uplands
"Clark County, MO",Clark County,MO,Missouri,29045,Heartland
"Clark County, NV",Clark County,NV,Nevada,32003,Basin and Range
"Clark County, OH",Clark County,OH,Ohio,39023,Heartland
"Clark County, SD",Clark County,SD,South Dakota,46025,Northern Great Plains
"Clark County, WA",Clark County,WA,Washington,53011,Fruitful Rim
"Clark County, WI",Clark County,WI,Wisconsin,55019,Northern Crescent
"Clarke County, AL",Clarke County,AL,Alabama,1025,Southern Seaboard
"Clarke County, GA",Clarke County,GA,Georgia,13059,Southern Seaboard
"Clarke County, IA",Clarke County,IA,Iowa,19039,Heartland
"Clarke County, MS",Clarke County,MS,Mississippi,28023,Southern Seaboard
"Clarke County, VA",Clarke County,VA,Virginia,51043,Southern Seaboard
"Clatsop County, OR",Clatsop County,OR,Oregon,41007,Fruitful Rim
"Clay County, AL",Clay County,AL,Alabama,1027,Southern Seaboard
"Clay County, AR",Clay County,AR,Arkansas,5021,Mississippi Portal
"Clay County, FL",Clay County,FL,Florida,12019,Fruitful Rim
"Clay County, GA",Clay County,GA,Georgia,13061,Southern Seaboard
"Clay County, IA",Clay County,IA,Iowa,19041,Heartland
"Clay County, IL",Clay County,IL,Illinois,17025,Heartland
"Clay County, IN",Clay County,IN,Indiana,18021,Heartland
"Clay County, KS",Clay County,KS,Kansas,20027,Prairie Gateway
"Clay County, KY",Clay County,KY,Kentucky,21051,Eastern Uplands
"Clay County, MN",Clay County,MN,Minnesota,27027,Northern Great Plains
"Clay County, MO",Clay County,MO,Missouri,29047,Heartland
"Clay County, MS",Clay County,MS,Mississippi,28025,Mississippi Portal
"Clay County, NC",Clay County,NC,North Carolina,37043,Eastern Uplands
"Clay County, NE",Clay County,NE,Nebraska,31035,Prairie Gateway
"Clay County, SD",Clay County,SD,South Dakota,46027,Heartland
"Clay County, TN",Clay County,TN,Tennessee,47027,Eastern Uplands
"Clay County, TX",Clay County,TX,Texas,48077,Prairie Gateway
"Clay County, WV",Clay County,WV,West Virginia,54015,Eastern Uplands
"Clayton County, GA",Clayton County,GA,Georgia,13063,Southern Seaboard
"Clayton County, IA",Clayton County,IA,Iowa,19043,Heartland
"Clear Creek County, CO",Clear Creek County,CO,Colorado,8019,Basin and Range
"Clearfield County, PA",Clearfield County,PA,Pennsylvania,42033,Northern Crescent
"Clearwater County, ID",Clearwater County,ID,Idaho,16035,Basin and Range
"Clearwater County, MN",Clearwater County,MN,Minnesota,27029,Northern Great Plains
"Cleburne County, AL",Cleburne County,AL,Alabama,1029,Eastern Uplands
"Cleburne County, AR",Cleburne County,AR,Arkansas,5023,Eastern Uplands
"Clermont County, OH",Clermont County,OH,Ohio,39025,Heartland
"Cleveland County, AR",Cleveland County,AR,Arkansas,5025,Southern Seaboard
"Cleveland County, NC",Cleveland County,NC,North Carolina,37045,Southern Seaboard
"Cleveland County, OK",Cleveland County,OK,Oklahoma,40027,Prairie Gateway
"Clinch County, GA",Clinch County,GA,Georgia,13065,Southern Seaboard
"Clinton County, IA",Clinton County,IA,Iowa,19045,Heartland
"Clinton County, IL",Clinton County,IL,Illinois,17027,Heartland
"Clinton County, IN",Clinton County,IN,Indiana,18023,Heartland
"Clinton County, KY",Clinton County,KY,Kentucky,21053,Eastern Uplands
"Clinton County, MI",Clinton County,MI,Michigan,26037,Northern Crescent
"Clinton County, MO",Clinton County,MO,Missouri,29049,Heartland
"Clinton County, NY",Clinton County,NY,New York,36019,Northern Crescent
"Clinton County, OH",Clinton County,OH,Ohio,39027,Heartland
"Clinton County, PA",Clinton County,PA,Pennsylvania,42035,Northern Crescent
"Cloud County, KS",Cloud County,KS,Kansas,20029,Prairie Gateway
"Coahoma County, MS",Coahoma County,MS,Mississippi,28027,Mississippi Portal
"Coal County, OK",Coal County,OK,Oklahoma,40029,Prairie Gateway
"Cobb County, GA",Cobb County,GA,Georgia,13067,Southern Seaboard
"Cochise County, AZ",Cochise County,AZ,Arizona,4003,Fruitful Rim
"Cochran County, TX",Cochran County,TX,Texas,48079,Prairie Gateway
"Cocke County, TN",Cocke County,TN,Tennessee,47029,Eastern Uplands
"Coconino County, AZ",Coconino County,AZ,Arizona,4005,Fruitful Rim
"Codington County, SD",Codington County,SD,South Dakota,46029,Northern Great Plains
"Coffee County, AL",Coffee County,AL,Alabama,1031,Southern Seaboard
"Coffee County, GA",Coffee County,GA,Georgia,13069,Southern Seaboard
"Coffee County, TN",Coffee County,TN,Tennessee,47031,Eastern Uplands
"Coffey County, KS",Coffey County,KS,Kansas,20031,Prairie Gateway
"Coke County, TX",Coke County,TX,Texas,48081,Prairie Gateway
"Colbert County, AL",Colbert County,AL,Alabama,1033,Southern Seaboard
"Cole County, MO",Cole County,MO,Missouri,29051,Heartland
"Coleman County, TX",Coleman County,TX,Texas,48083,Prairie Gateway
"Coles County, IL",Coles County,IL,Illinois,17029,Heartland
"Colfax County, NE",Colfax County,NE,Nebraska,31037,Heartland
"Colfax County, NM",Colfax County,NM,New Mexico,35007,Prairie Gateway
"Colleton County, SC",Colleton County,SC,South Carolina,45029,Fruitful Rim
"Collier County, FL",Collier County,FL,Florida,12021,Fruitful Rim
"Collin County, TX",Collin County,TX,Texas,48085,Prairie Gateway
"Collingsworth County, TX",Collingsworth County,TX,Texas,48087,Prairie Gateway
"Colonial Heights City, VA",Colonial Heights City,VA,Virginia,51570,Southern Seaboard
"Colorado County, TX",Colorado County,TX,Texas,48089,Prairie Gateway
"Colquitt County, GA",Colquitt County,GA,Georgia,13071,Southern Seaboard
"Columbia County, AR",Columbia County,AR,Arkansas,5027,Southern Seaboard
"Columbia County, FL",Columbia County,FL,Florida,12023,Fruitful Rim
"Columbia County, GA",Columbia County,GA,Georgia,13073,Southern Seaboard
"Columbia County, NY",Columbia County,NY,New York,36021,Northern Crescent
"Columbia County, OR",Columbia County,OR,Oregon,41009,Fruitful Rim
"Columbia County, PA",Columbia County,PA,Pennsylvania,42037,Northern Crescent
"Columbia County, WA",Columbia County,WA,Washington,53013,Basin and Range
"Columbia County, WI",Columbia County,WI,Wisconsin,55021,Northern Crescent
"Columbiana County, OH",Columbiana County,OH,Ohio,39029,Northern Crescent
"Columbus County, NC",Columbus County,NC,North Carolina,37047,Southern Seaboard
"Colusa County, CA",Colusa County,CA,California,6011,Fruitful Rim
"Comal County, TX",Comal County,TX,Texas,48091,Prairie Gateway
"Comanche County, KS",Comanche County,KS,Kansas,20033,Prairie Gateway
"Comanche County, OK",Comanche County,OK,Oklahoma,40031,Prairie Gateway
"Comanche County, TX",Comanche County,TX,Texas,48093,Prairie Gateway
"Concho County, TX",Concho County,TX,Texas,48095,Prairie Gateway
"Concordia Parish, LA",Concordia Parish,LA,Louisiana,22029,Mississippi Portal
"Conecuh County, AL",Conecuh County,AL,Alabama,1035,Southern Seaboard
"Conejos County, CO",Conejos County,CO,Colorado,8021,Basin and Range
"Contra Costa County, CA",Contra Costa County,CA,California,6013,Fruitful Rim
"Converse County, WY",Converse County,WY,Wyoming,56009,Northern Great Plains
"Conway County, AR",Conway County,AR,Arkansas,5029,Eastern Uplands
"Cook County, GA",Cook County,GA,Georgia,13075,Southern Seaboard
"Cook County, IL",Cook County,IL,Illinois,17031,Heartland
"Cook County, MN",Cook County,MN,Minnesota,27031,Northern Crescent
"Cooke County, TX",Cooke County,TX,Texas,48097,Prairie Gateway
"Cooper County, MO",Cooper County,MO,Missouri,29053,Heartland
"Coos County, NH",Coos County,NH,New Hampshire,33007,Northern Crescent
"Coos County, OR",Coos County,OR,Oregon,41011,Fruitful Rim
"Coosa County, AL",Coosa County,AL,Alabama,1037,Southern Seaboard
"Copiah County, MS",Copiah County,MS,Mississippi,28029,Mississippi Portal
"Copper River Census Area, AK",Copper River Census Area,AK,Alaska,2066,
"Corson County, SD",Corson County,SD,South Dakota,46031,Northern Great Plains
"Cortland County, NY",Cortland County,NY,New York,36023,Northern Crescent
"Coryell County, TX",Coryell County,TX,Texas,48099,Prairie Gateway
"Coshocton County, OH",Coshocton County,OH,Ohio,39031,Eastern Uplands
"Costilla County, CO",Costilla County,CO,Colorado,8023,Basin and Range
"Cottle County, TX",Cottle County,TX,Texas,48101,Prairie Gateway
"Cotton County, OK",Cotton County,OK,Oklahoma,40033,Prairie Gateway
"Cottonwood County, MN",Cottonwood County,MN,Minnesota,27033,Heartland
"Covington City, VA",Covington City,VA,Virginia,51580,Eastern Uplands
"Covington County, AL",Covington County,AL,Alabama,1039,Southern Seaboard
"Covington County, MS",Covington County,MS,Mississippi,28031,Southern Seaboard
"Coweta County, GA",Coweta County,GA,Georgia,13077,Southern Seaboard
"Cowley County, KS",Cowley County,KS,Kansas,20035,Prairie Gateway
"Cowlitz County, WA",Cowlitz County,WA,Washington,53015,Fruitful Rim
"Craig County, OK",Craig County,OK,Oklahoma,40035,Eastern Uplands
"Craig County, VA",Craig County,VA,Virginia,51045,Eastern Uplands
"Craighead County, AR",Craighead County,AR,Arkansas,5031,Mississippi Portal
"Crane County, TX",Crane County,TX,Texas,48103,Fruitful Rim
"Craven County, NC",Craven County,NC,North Carolina,37049,Southern Seaboard
"Crawford County, AR",Crawford County,AR,Arkansas,5033,Eastern Uplands
"Crawford County, GA",Crawford County,GA,Georgia,13079,Southern Seaboard
"Crawford County, IA",Crawford County,IA,Iowa,19047,Heartland
"Crawford County, IL",Crawford County,IL,Illinois,17033,Heartland
"Crawford County, IN",Crawford County,IN,Indiana,18025,Heartland
"Crawford County, KS",Crawford County,KS,Kansas,20037,Prairie Gateway
"Crawford County, MI",Crawford County,MI,Michigan,26039,Northern Crescent
"Crawford County, MO",Crawford County,MO,Missouri,29055,Heartland
"Crawford County, OH",Crawford County,OH,Ohio,39033,Northern Crescent
"Crawford County, PA",Crawford County,PA,Pennsylvania,42039,Northern Crescent
"Crawford County, WI",Crawford County,WI,Wisconsin,55023,Northern Crescent
"Creek County, OK",Creek County,OK,Oklahoma,40037,Prairie Gateway
"Crenshaw County, AL",Crenshaw County,AL,Alabama,1041,Southern Seaboard
"Crisp County, GA",Crisp County,GA,Georgia,13081,Southern Seaboard
"Crittenden County, AR",Crittenden County,AR,Arkansas,5035,Mississippi Portal
"Crittenden County, KY",Crittenden County,KY,Kentucky,21055,Heartland
"Crockett County, TN",Crockett County,TN,Tennessee,47033,Mississippi Portal
"Crockett County, TX",Crockett County,TX,Texas,48105,Prairie Gateway
"Crook County, OR",Crook County,OR,Oregon,41013,Basin and Range
"Crook County, WY",Crook County,WY,Wyoming,56011,Northern Great Plains
"Crosby County, TX",Crosby County,TX,Texas,48107,Prairie Gateway
"Cross County, AR",Cross County,AR,Arkansas,5037,Mississippi Portal
"Crow Wing County, MN",Crow Wing County,MN,Minnesota,27035,Northern Crescent
"Crowley County, CO",Crowley County,CO,Colorado,8025,Prairie Gateway
"Culberson County, TX",Culberson County,TX,Texas,48109,Fruitful Rim
"Cullman County, AL",Cullman County,AL,Alabama,1043,Eastern Uplands
"Culpeper County, VA",Culpeper County,VA,Virginia,51047,Southern Seaboard
"Cumberland County, IL",Cumberland County,IL,Illinois,17035,Heartland
"Cumberland County, KY",Cumberland County,KY,Kentucky,21057,Eastern Uplands
"Cumberland County, ME",Cumberland County,ME,Maine,23005,Northern Crescent
"Cumberland County, NC",Cumberland County,NC,North Carolina,37051,Southern Seaboard
"Cumberland County, NJ",Cumberland County,NJ,New Jersey,34011,Northern Crescent
"Cumberland County, PA",Cumberland County,PA,Pennsylvania,42041,Northern Crescent
"Cumberland County, TN",Cumberland County,TN,Tennessee,47035,Eastern Uplands
"Cumberland County, VA",Cumberland County,VA,Virginia,51049,Southern Seaboard
"Cuming County, NE",Cuming County,NE,Nebraska,31039,Heartland
"Currituck County, NC",Currituck County,NC,North Carolina,37053,Southern Seaboard
"Curry County, NM",Curry County,NM,New Mexico,35009,Prairie Gateway
"Curry County, OR",Curry County,OR,Oregon,41015,Fruitful Rim
"Custer County, CO",Custer County,CO,Colorado,8027,Prairie Gateway
"Custer County, ID",Custer County,ID,Idaho,16037,Fruitful Rim
"Custer County, MT",Custer County,MT,Montana,30017,Northern Great Plains
"Custer County, NE",Custer County,NE,Nebraska,31041,Prairie Gateway
"Custer County, OK",Custer County,OK,Oklahoma,40039,Prairie Gateway
"Custer County, SD",Custer County,SD,South Dakota,46033,Northern Great Plains
"Cuyahoga County, OH",Cuyahoga County,OH,Ohio,39035,Northern Crescent
"Dade County, GA",Dade County,GA,Georgia,13083,Eastern Uplands
"Dade County, MO",Dade County,MO,Missouri,29057,Eastern Uplands
"Daggett County, UT",Daggett County,UT,Utah,49009,Basin and Range
"Dakota County, MN",Dakota County,MN,Minnesota,27037,Heartland
"Dakota County, NE",Dakota County,NE,Nebraska,31043,Heartland
"Dale County, AL",Dale County,AL,Alabama,1045,Southern Seaboard
"Dallam County, TX",Dallam County,TX,Texas,48111,Prairie Gateway
"Dallas County, AL",Dallas County,AL,Alabama,1047,Southern Seaboard
"Dallas County, AR",Dallas County,AR,Arkansas,5039,Southern Seaboard
"Dallas County, IA",Dallas County,IA,Iowa,19049,Heartland
"Dallas County, MO",Dallas County,MO,Missouri,29059,Heartland
"Dallas County, TX",Dallas County,TX,Texas,48113,Prairie Gateway
"Dane County, WI",Dane County,WI,Wisconsin,55025,Northern Crescent
"Daniels County, MT",Daniels County,MT,Montana,30019,Northern Great Plains
"Danville City, VA",Danville City,VA,Virginia,51590,Southern Seaboard
"Dare County, NC",Dare County,NC,North Carolina,37055,Southern Seaboard
"Darke County, OH",Darke County,OH,Ohio,39037,Heartland
"Darlington County, SC",Darlington County,SC,South Carolina,45031,Southern Seaboard
"Dauphin County, PA",Dauphin County,PA,Pennsylvania,42043,Northern Crescent
"Davidson County, NC",Davidson County,NC,North Carolina,37057,Southern Seaboard
"Davidson County, TN",Davidson County,TN,Tennessee,47037,Eastern Uplands
"Davie County, NC",Davie County,NC,North Carolina,37059,Southern Seaboard
"Daviess County, IN",Daviess County,IN,Indiana,18027,Heartland
"Daviess County, KY",Daviess County,KY,Kentucky,21059,Heartland
"Daviess County, MO",Daviess County,MO,Missouri,29061,Heartland
"Davis County, IA",Davis County,IA,Iowa,19051,Heartland
"Davis County, UT",Davis County,UT,Utah,49011,Basin and Range
"Davison County, SD",Davison County,SD,South Dakota,46035,Heartland
"Dawes County, NE",Dawes County,NE,Nebraska,31045,Northern Great Plains
"Dawson County, GA",Dawson County,GA,Georgia,13085,Southern Seaboard
"Dawson County, MT",Dawson County,MT,Montana,30021,Northern Great Plains
"Dawson County, NE",Dawson County,NE,Nebraska,31047,Prairie Gateway
"Dawson County, TX",Dawson County,TX,Texas,48115,Prairie Gateway
"Day County, SD",Day County,SD,South Dakota,46037,Northern Great Plains
"De Baca County, NM",De Baca County,NM,New Mexico,35011,Prairie Gateway
"De Soto Parish, LA",De Soto Parish,LA,Louisiana,22031,Southern Seaboard
"De Witt County, IL",De Witt County,IL,Illinois,17039,Heartland
"DeKalb County, AL",DeKalb County,AL,Alabama,1049,Eastern Uplands
"DeKalb County, GA",DeKalb County,GA,Georgia,13089,Southern Seaboard
"DeKalb County, IL",DeKalb County,IL,Illinois,17037,Heartland
"DeKalb County, IN",DeKalb County,IN,Indiana,18033,Heartland
"DeKalb County, MO",DeKalb County,MO,Missouri,29063,Heartland
"DeKalb County, TN",DeKalb County,TN,Tennessee,47041,Eastern Uplands
"DeSoto County, FL",DeSoto County,FL,Florida,12027,Fruitful Rim
"DeSoto County, MS",DeSoto County,MS,Mississippi,28033,Mississippi Portal
"DeWitt County, TX",DeWitt County,TX,Texas,48123,Prairie Gateway
"Deaf Smith County, TX",Deaf Smith County,TX,Texas,48117,Prairie Gateway
"Dearborn County, IN",Dearborn County,IN,Indiana,18029,Heartland
"Decatur County, GA",Decatur County,GA,Georgia,13087,Southern Seaboard
"Decatur County, IA",Decatur County,IA,Iowa,19053,Heartland
"Decatur County, IN",Decatur County,IN,Indiana,18031,Heartland
"Decatur County, KS",Decatur County,KS,Kansas,20039,Prairie Gateway
"Decatur County, TN",Decatur County,TN,Tennessee,47039,Mississippi Portal
"Deer Lodge County, MT",Deer Lodge County,MT,Montana,30023,Basin and Range
"Defiance County, OH",Defiance County,OH,Ohio,39039,Heartland
"Del Norte County, CA",Del Norte County,CA,California,6015,Basin and Range
"Delaware County, IA",Delaware County,IA,Iowa,19055,Heartland
"Delaware County, IN",Delaware County,IN,Indiana,18035,Heartland
"Delaware County, NY",Delaware County,NY,New York,36025,Northern Crescent
"Delaware County, OH",Delaware County,OH,Ohio,39041,Heartland
"Delaware County, OK",Delaware County,OK,Oklahoma,40041,Eastern Uplands
"Delaware County, PA",Delaware County,PA,Pennsylvania,42045,Northern Crescent
"Delta County, CO",Delta County,CO,Colorado,8029,Basin and Range
"Delta County, MI",Delta County,MI,Michigan,26041,Northern Crescent
"Delta County, TX",Delta County,TX,Texas,48119,Prairie Gateway
"Denali Borough, AK",Denali Borough,AK,Alaska,2068,
"Dent County, MO",Dent County,MO,Missouri,29065,Eastern Uplands
"Denton County, TX",Denton County,TX,Texas,48121,Prairie Gateway
"Denver County, CO",Denver County,CO,Colorado,8031,Prairie Gateway
"Des Moines County, IA",Des Moines County,IA,Iowa,19057,Heartland
"Deschutes County, OR",Deschutes County,OR,Oregon,41017,Basin and Range
"Desha County, AR",Desha County,AR,Arkansas,5041,Mississippi Portal
"Deuel County, NE",Deuel County,NE,Nebraska,31049,Northern Great Plains
"Deuel County, SD",Deuel County,SD,South Dakota,46039,Northern Great Plains
"Dewey County, OK",Dewey County,OK,Oklahoma,40043,Prairie Gateway
"Dewey County, SD",Dewey County,SD,South Dakota,46041,Northern Great Plains
"Dickens County, TX",Dickens County,TX,Texas,48125,Prairie Gateway
"Dickenson County, VA",Dickenson County,VA,Virginia,51051,Eastern Uplands
"Dickey County, ND",Dickey County,ND,North Dakota,38021,Northern Great Plains
"Dickinson County, IA",Dickinson County,IA,Iowa,19059,Heartland
"Dickinson County, KS",Dickinson County,KS,Kansas,20041,Prairie Gateway
"Dickinson County, MI",Dickinson County,MI,Michigan,26043,Northern Crescent
"Dickson County, TN",Dickson County,TN,Tennessee,47043,Mississippi Portal
"Dillingham Census Area, AK",Dillingham Census Area,AK,Alaska,2070,
"Dillon County, SC",Dillon County,SC,South Carolina,45033,Southern Seaboard
"Dimmit County, TX",Dimmit County,TX,Texas,48127,Fruitful Rim
"Dinwiddie County, VA",Dinwiddie County,VA,Virginia,51053,Southern Seaboard
"District of Columbia, DC",District of Columbia,DC,District of Columbia,11001,Southern Seaboard
"Divide County, ND",Divide County,ND,North Dakota,38023,Northern Great Plains
"Dixie County, FL",Dixie County,FL,Florida,12029,Fruitful Rim
"Dixon County, NE",Dixon County,NE,Nebraska,31051,Heartland
"Doddridge County, WV",Doddridge County,WV,West Virginia,54017,Eastern Uplands
"Dodge County, GA",Dodge County,GA,Georgia,13091,Southern Seaboard
"Dodge County, MN",Dodge County,MN,Minnesota,27039,Heartland
"Dodge County, NE",Dodge County,NE,Nebraska,31053,Heartland
"Dodge County, WI",Dodge County,WI,Wisconsin,55027,Northern Crescent
"Dolores County, CO",Dolores County,CO,Colorado,8033,Basin and Range
"Doniphan County, KS",Doniphan County,KS,Kansas,20043,Prairie Gateway
"Donley County, TX",Donley County,TX,Texas,48129,Prairie Gateway
"Dooly County, GA",Dooly County,GA,Georgia,13093,Southern Seaboard
"Door County, WI",Door County,WI,Wisconsin,55029,Northern Crescent
"Dorchester County, MD",Dorchester County,MD,Maryland,24019,Southern Seaboard
"Dorchester County, SC",Dorchester County,SC,South Carolina,45035,Fruitful Rim
"Dougherty County, GA",Dougherty County,GA,Georgia,13095,Southern Seaboard
"Douglas County, CO",Douglas County,CO,Colorado,8035,Prairie Gateway
"Douglas County, GA",Douglas County,GA,Georgia,13097,Southern Seaboard
"Douglas County, IL",Douglas County,IL,Illinois,17041,Heartland
"Douglas County, KS",Douglas County,KS,Kansas,20045,Prairie Gateway
"Douglas County, MN",Douglas County,MN,Minnesota,27041,Heartland
"Douglas County, MO",Douglas County,MO,Missouri,29067,Eastern Uplands
"Douglas County, NE",Douglas County,NE,Nebraska,31055,Heartland
"Douglas County, NV",Douglas County,NV,Nevada,32005,Basin and Range
"Douglas County, OR",Douglas County,OR,Oregon,41019,Fruitful Rim
"Douglas County, SD",Douglas County,SD,South Dakota,46043,Heartland
"Douglas County, WA",Douglas County,WA,Washington,53017,Fruitful Rim
"Douglas County, WI",Douglas County,WI,Wisconsin,55031,Northern Crescent
"Doña Ana County, NM",Doña Ana County,NM,New Mexico,35013,Prairie Gateway
"Drew County, AR",Drew County,AR,Arkansas,5043,Mississippi Portal
"DuPage County, IL",DuPage County,IL,Illinois,17043,Heartland
"Dubois County, IN",Dubois County,IN,Indiana,18037,Heartland
"Dubuque County, IA",Dubuque County,IA,Iowa,19061,Heartland
"Duchesne County, UT",Duchesne County,UT,Utah,49013,Basin and Range
"Dukes County, MA",Dukes County,MA,Massachusetts,25007,Northern Crescent
"Dundy County, NE",Dundy County,NE,Nebraska,31057,Prairie Gateway
"Dunklin County, MO",Dunklin County,MO,Missouri,29069,Heartland
"Dunn County, ND",Dunn County,ND,North Dakota,38025,Northern Great Plains
"Dunn County, WI",Dunn County,WI,Wisconsin,55033,Northern Crescent
"Duplin County, NC",Duplin County,NC,North Carolina,37061,Southern Seaboard
"Durham County, NC",Durham County,NC,North Carolina,37063,Southern Seaboard
"Dutchess County, NY",Dutchess County,NY,New York,36027,Northern Crescent
"Duval County, FL",Duval County,FL,Florida,12031,Fruitful Rim
"Duval County, TX",Duval County,TX,Texas,48131,Fruitful Rim
"Dyer County, TN",Dyer County,TN,Tennessee,47045,Mississippi Portal
"Eagle County, CO",Eagle County,CO,Colorado,8037,Basin and Range
"Early County, GA",Early County,GA,Georgia,13099,Southern Seaboard
"East Baton Rouge Parish, LA",East Baton Rouge Parish,LA,Louisiana,22033,Mississippi Portal
"East Carroll Parish, LA",East Carroll Parish,LA,Louisiana,22035,Mississippi Portal
"East Feliciana Parish, LA",East Feliciana Parish,LA,Louisiana,22037,Mississippi Portal
"Eastland County, TX",Eastland County,TX,Texas,48133,Prairie Gateway
"Eaton County, MI",Eaton County,MI,Michigan,26045,Northern Crescent
"Eau Claire County, WI",Eau Claire County,WI,Wisconsin,55035,Northern Crescent
"Echols County, GA",Echols County,GA,Georgia,13101,Southern Seaboard
"Ector County, TX",Ector County,TX,Texas,48135,Fruitful Rim
"Eddy County, ND",Eddy County,ND,North Dakota,38027,Northern Great Plains
"Eddy County, NM",Eddy County,NM,New Mexico,35015,Prairie Gateway
"Edgar County, IL",Edgar County,IL,Illinois,17045,Heartland
"Edgecombe County, NC",Edgecombe County,NC,North Carolina,37065,Southern Seaboard
"Edgefield County, SC",Edgefield County,SC,South Carolina,45037,Southern Seaboard
"Edmonson County, KY",Edmonson County,KY,Kentucky,21061,Eastern Uplands
"Edmunds County, SD",Edmunds County,SD,South Dakota,46045,Northern Great Plains
"Edwards County, IL",Edwards County,IL,Illinois,17047,Heartland
"Edwards County, KS",Edwards County,KS,Kansas,20047,Prairie Gateway
"Edwards County, TX",Edwards County,TX,Texas,48137,Prairie Gateway
"Effingham County, GA",Effingham County,GA,Georgia,13103,Southern Seaboard
"Effingham County, IL",Effingham County,IL,Illinois,17049,Heartland
"El Dorado County, CA",El Dorado County,CA,California,6017,Basin and Range
"El Paso County, CO",El Paso County,CO,Colorado,8041,Prairie Gateway
"El Paso County, TX",El Paso County,TX,Texas,48141,Fruitful Rim
"Elbert County, CO",Elbert County,CO,Colorado,8039,Prairie Gateway
"Elbert County, GA",Elbert County,GA,Georgia,13105,Southern Seaboard
"Elk County, KS",Elk County,KS,Kansas,20049,Prairie Gateway
"Elk County, PA",Elk County,PA,Pennsylvania,42047,Northern Crescent
"Elkhart County, IN",Elkhart County,IN,Indiana,18039,Heartland
"Elko County, NV",Elko County,NV,Nevada,32007,Basin and Range
"Elliott County, KY",Elliott County,KY,Kentucky,21063,Eastern Uplands
"Ellis County, KS",Ellis County,KS,Kansas,20051,Prairie Gateway
"Ellis County, OK",Ellis County,OK,Oklahoma,40045,Prairie Gateway
"Ellis County, TX",Ellis County,TX,Texas,48139,Prairie Gateway
"Ellsworth County, KS",Ellsworth County,KS,Kansas,20053,Prairie Gateway
"Elmore County, AL",Elmore County,AL,Alabama,1051,Southern Seaboard
"Elmore County, ID",Elmore County,ID,Idaho,16039,Fruitful Rim
"Emanuel County, GA",Emanuel County,GA,Georgia,13107,Southern Seaboard
"Emery County, UT",Emery County,UT,Utah,49015,Basin and Range
"Emmet County, IA",Emmet County,IA,Iowa,19063,Heartland
"Emmet County, MI",Emmet County,MI,Michigan,26047,Northern Crescent
"Emmons County, ND",Emmons County,ND,North Dakota,38029,Northern Great Plains
"Emporia City, VA",Emporia City,VA,Virginia,51595,Southern Seaboard
"Erath County, TX",Erath County,TX,Texas,48143,Prairie Gateway
"Erie County, NY",Erie County,NY,New York,36029,Northern Crescent
"Erie County, OH",Erie County,OH,Ohio,39043,Northern Crescent
"Erie County, PA",Erie County,PA,Pennsylvania,42049,Northern Crescent
"Escambia County, AL",Escambia County,AL,Alabama,1053,Southern Seaboard
"Escambia County, FL",Escambia County,FL,Florida,12033,Fruitful Rim
"Esmeralda County, NV",Esmeralda County,NV,Nevada,32009,Basin and Range
"Essex County, MA",Essex County,MA,Massachusetts,25009,Northern Crescent
"Essex County, NJ",Essex County,NJ,New Jersey,34013,Northern Crescent
"Essex County, NY",Essex County,NY,New York,36031,Northern Crescent
"Essex County, VA",Essex County,VA,Virginia,51057,Southern Seaboard
"Essex County, VT",Essex County,VT,Vermont,50009,Northern Crescent
"Estill County, KY",Estill County,KY,Kentucky,21065,Eastern Uplands
"Etowah County, AL",Etowah County,AL,Alabama,1055,Eastern Uplands
"Eureka County, NV",Eureka County,NV,Nevada,32011,Basin and Range
"Evangeline Parish, LA",Evangeline Parish,LA,Louisiana,22039,Mississippi Portal
"Evans County, GA",Evans County,GA,Georgia,13109,Fruitful Rim
"Fairbanks North Star Borough, AK",Fairbanks North Star Borough,AK,Alaska,2090,
"Fairfax City, VA",Fairfax City,VA,Virginia,51600,Southern Seaboard
"Fairfax County, VA",Fairfax County,VA,Virginia,51059,Southern Seaboard
"Fairfield County, OH",Fairfield County,OH,Ohio,39045,Heartland
"Fairfield County, SC",Fairfield County,SC,South Carolina,45039,Southern Seaboard
"Fall River County, SD",Fall River County,SD,South Dakota,46047,Northern Great Plains
"Fallon County, MT",Fallon County,MT,Montana,30025,Northern Great Plains
"Falls Church City, VA",Falls Church City,VA,Virginia,51610,Southern Seaboard
"Falls County, TX",Falls County,TX,Texas,48145,Prairie Gateway
"Fannin County, GA",Fannin County,GA,Georgia,13111,Southern Seaboard
"Fannin County, TX",Fannin County,TX,Texas,48147,Prairie Gateway
"Faribault County, MN",Faribault County,MN,Minnesota,27043,Heartland
"Faulk County, SD",Faulk County,SD,South Dakota,46049,Northern Great Plains
"Faulkner County, AR",Faulkner County,AR,Arkansas,5045,Eastern Uplands
"Fauquier County, VA",Fauquier County,VA,Virginia,51061,Southern Seaboard
"Fayette County, AL",Fayette County,AL,Alabama,1057,Southern Seaboard
"Fayette County, GA",Fayette County,GA,Georgia,13113,Southern Seaboard
"Fayette County, IA",Fayette County,IA,Iowa,19065,Heartland
"Fayette County, IL",Fayette County,IL,Illinois,17051,Heartland
"Fayette County, IN",Fayette County,IN,Indiana,18041,Heartland
"Fayette County, KY",Fayette County,KY,Kentucky,21067,Eastern Uplands
"Fayette County, OH",Fayette County,OH,Ohio,39047,Heartland
"Fayette County, PA",Fayette County,PA,Pennsylvania,42051,Eastern Uplands
"Fayette County, TN",Fayette County,TN,Tennessee,47047,Mississippi Portal
"Fayette County, TX",Fayette County,TX,Texas,48149,Prairie Gateway
"Fayette County, WV",Fayette County,WV,West Virginia,54019,Eastern Uplands
"Fentress County, TN",Fentress County,TN,Tennessee,47049,Eastern Uplands
"Fergus County, MT",Fergus County,MT,Montana,30027,Basin and Range
"Ferry County, WA",Ferry County,WA,Washington,53019,Basin and Range
"Fillmore County, MN",Fillmore County,MN,Minnesota,27045,Heartland
"Fillmore County, NE",Fillmore County,NE,Nebraska,31059,Prairie Gateway
"Finney County, KS",Finney County,KS,Kansas,20055,Prairie Gateway
"Fisher County, TX",Fisher County,TX,Texas,48151,Prairie Gateway
"Flagler County, FL",Flagler County,FL,Florida,12035,Fruitful Rim
"Flathead County, MT",Flathead County,MT,Montana,30029,Basin and Range
"Fleming County, KY",Fleming County,KY,Kentucky,21069,Eastern Uplands
"Florence County, SC",Florence County,SC,South Carolina,45041,Southern Seaboard
"Florence County, WI",Florence County,WI,Wisconsin,55037,Northern Crescent
"Floyd County, GA",Floyd County,GA,Georgia,13115,Eastern Uplands
"Floyd County, IA",Floyd County,IA,Iowa,19067,Heartland
"Floyd County, IN",Floyd County,IN,Indiana,18043,Heartland
"Floyd County, KY",Floyd County,KY,Kentucky,21071,Eastern Uplands
"Floyd County, TX",Floyd County,TX,Texas,48153,Prairie Gateway
"Floyd County, VA",Floyd County,VA,Virginia,51063,Eastern Uplands
"Fluvanna County, VA",Fluvanna County,VA,Virginia,51065,Southern Seaboard
"Foard County, TX",Foard County,TX,Texas,48155,Prairie Gateway
"Fond du Lac County, WI",Fond du Lac County,WI,Wisconsin,55039,Northern Crescent
"Ford County, IL",Ford County,IL,Illinois,17053,Heartland
"Ford County, KS",Ford County,KS,Kansas,20057,Prairie Gateway
"Forest County, PA",Forest County,PA,Pennsylvania,42053,Northern Crescent
"Forest County, WI",Forest County,WI,Wisconsin,55041,Northern Crescent
"Forrest County, MS",Forrest County,MS,Mississippi,28035,Southern Seaboard
"Forsyth County, GA",Forsyth County,GA,Georgia,13117,Southern Seaboard
"Forsyth County, NC",Forsyth County,NC,North Carolina,37067,Southern Seaboard
"Fort Bend County, TX",Fort Bend County,TX,Texas,48157,Fruitful Rim
"Foster County, ND",Foster County,ND,North Dakota,38031,Northern Great Plains
"Fountain County, IN",Fountain County,IN,Indiana,18045,Heartland
"Franklin City, VA",Franklin City,VA,Virginia,51620,Southern Seaboard
"Franklin County, AL",Franklin County,AL,Alabama,1059,Southern Seaboard
"Franklin County, AR",Franklin County,AR,Arkansas,5047,Eastern Uplands
"Franklin County, FL",Franklin County,FL,Florida,12037,Fruitful Rim
"Franklin County, GA",Franklin County,GA,Georgia,13119,Southern Seaboard
"Franklin County, IA",Franklin County,IA,Iowa,19069,Heartland
"Franklin County, ID",Franklin County,ID,Idaho,16041,Fruitful Rim
"Franklin County, IL",Franklin County,IL,Illinois,17055,Heartland
"Franklin County, IN",Franklin County,IN,Indiana,18047,Heartland
"Franklin County, KS",Franklin County,KS,Kansas,20059,Prairie Gateway
"Franklin County, KY",Franklin County,KY,Kentucky,21073,Eastern Uplands
"Franklin County, MA",Franklin County,MA,Massachusetts,25011,Northern Crescent
"Franklin County, ME",Franklin County,ME,Maine,23007,Northern Crescent
"Franklin County, MO",Franklin County,MO,Missouri,29071,Heartland
"Franklin County, MS",Franklin County,MS,Mississippi,28037,Mississippi Portal
"Franklin County, NC",Franklin County,NC,North Carolina,37069,Southern Seaboard
"Franklin County, NE",Franklin County,NE,Nebraska,31061,Prairie Gateway
"Franklin County, NY",Franklin County,NY,New York,36033,Northern Crescent
"Franklin County, OH",Franklin County,OH,Ohio,39049,Heartland
"Franklin County, PA",Franklin County,PA,Pennsylvania,42055,Northern Crescent
"Franklin County, TN",Franklin County,TN,Tennessee,47051,Eastern Uplands
"Franklin County, TX",Franklin County,TX,Texas,48159,Southern Seaboard
"Franklin County, VA",Franklin County,VA,Virginia,51067,Southern Seaboard
"Franklin County, VT",Franklin County,VT,Vermont,50011,Northern Crescent
"Franklin County, WA",Franklin County,WA,Washington,53021,Fruitful Rim
"Franklin Parish, LA",Franklin Parish,LA,Louisiana,22041,Mississippi Portal
"Frederick County, MD",Frederick County,MD,Maryland,24021,Northern Crescent
"Frederick County, VA",Frederick County,VA,Virginia,51069,Southern Seaboard
"Fredericksburg City, VA",Fredericksburg City,VA,Virginia,51630,Southern Seaboard
"Freeborn County, MN",Freeborn County,MN,Minnesota,27047,Heartland
"Freestone County, TX",Freestone County,TX,Texas,48161,Southern Seaboard
"Fremont County, CO",Fremont County,CO,Colorado,8043,Prairie Gateway
"Fremont County, IA",Fremont County,IA,Iowa,19071,Heartland
"Fremont County, ID",Fremont County,ID,Idaho,16043,Fruitful Rim
"Fremont County, WY",Fremont County,WY,Wyoming,56013,Basin and Range
"Fresno County, CA",Fresno County,CA,California,6019,Fruitful Rim
"Frio County, TX",Frio County,TX,Texas,48163,Fruitful Rim
"Frontier County, NE",Frontier County,NE,Nebraska,31063,Prairie Gateway
"Fulton County, AR",Fulton County,AR,Arkansas,5049,Eastern Uplands
"Fulton County, GA",Fulton County,GA,Georgia,13121,Southern Seaboard
"Fulton County, IL",Fulton County,IL,Illinois,17057,Heartland
"Fulton County, IN",Fulton County,IN,Indiana,18049,Heartland
"Fulton County, KY",Fulton County,KY,Kentucky,21075,Heartland
"Fulton County, NY",Fulton County,NY,New York,36035,Northern Crescent
"Fulton County, OH",Fulton County,OH,Ohio,39051,Heartland
"Fulton County, PA",Fulton County,PA,Pennsylvania,42057,Northern Crescent
"Furnas County, NE",Furnas County,NE,Nebraska,31065,Prairie Gateway
"Gadsden County, FL",Gadsden County,FL,Florida,12039,Fruitful Rim
"Gage County, NE",Gage County,NE,Nebraska,31067,Prairie Gateway
"Gaines County, TX",Gaines County,TX,Texas,48165,Prairie Gateway
"Galax City, VA",Galax City,VA,Virginia,51640,Eastern Uplands
"Gallatin County, IL",Gallatin County,IL,Illinois,17059,Heartland
"Gallatin County, KY",Gallatin County,KY,Kentucky,21077,Eastern Uplands
"Gallatin County, MT",Gallatin County,MT,Montana,30031,Basin and Range
"Gallia County, OH",Gallia County,OH,Ohio,39053,Heartland
"Galveston County, TX",Galveston County,TX,Texas,48167,Fruitful Rim
"Garden County, NE",Garden County,NE,Nebraska,31069,Northern Great Plains
"Garfield County, CO",Garfield County,CO,Colorado,8045,Basin and Range
"Garfield County, MT",Garfield County,MT,Montana,30033,Northern Great Plains
"Garfield County, NE",Garfield County,NE,Nebraska,31071,Northern Great Plains
"Garfield County, OK",Garfield County,OK,Oklahoma,40047,Prairie Gateway
"Garfield County, UT",Garfield County,UT,Utah,49017,Basin and Range
"Garfield County, WA",Garfield County,WA,Washington,53023,Basin and Range
"Garland County, AR",Garland County,AR,Arkansas,5051,Eastern Uplands
"Garrard County, KY",Garrard County,KY,Kentucky,21079,Eastern Uplands
"Garrett County, MD",Garrett County,MD,Maryland,24023,Eastern Uplands
"Garvin County, OK",Garvin County,OK,Oklahoma,40049,Prairie Gateway
"Garza County, TX",Garza County,TX,Texas,48169,Prairie Gateway
"Gasconade County, MO",Gasconade County,MO,Missouri,29073,Heartland
"Gaston County, NC",Gaston County,NC,North Carolina,37071,Southern Seaboard
"Gates County, NC",Gates County,NC,North Carolina,37073,Southern Seaboard
"Geary County, KS",Geary County,KS,Kansas,20061,Prairie Gateway
"Geauga County, OH",Geauga County,OH,Ohio,39055,Northern Crescent
"Gem County, ID",Gem County,ID,Idaho,16045,Fruitful Rim
"Genesee County, MI",Genesee County,MI,Michigan,26049,Northern Crescent
"Genesee County, NY",Genesee County,NY,New York,36037,Northern Crescent
"Geneva County, AL",Geneva County,AL,Alabama,1061,Southern Seaboard
"Gentry County, MO",Gentry County,MO,Missouri,29075,Heartland
"George County, MS",George County,MS,Mississippi,28039,Southern Seaboard
"Georgetown County, SC",Georgetown County,SC,South Carolina,45043,Southern Seaboard
"Gibson County, IN",Gibson County,IN,Indiana,18051,Heartland
"Gibson County, TN",Gibson County,TN,Tennessee,47053,Mississippi Portal
"Gila County, AZ",Gila County,AZ,Arizona,4007,Fruitful Rim
"Gilchrist County, FL",Gilchrist County,FL,Florida,12041,Fruitful Rim
"Giles County, TN",Giles County,TN,Tennessee,47055,Eastern Uplands
"Giles County, VA",Giles County,VA,Virginia,51071,Eastern Uplands
"Gillespie County, TX",Gillespie County,TX,Texas,48171,Prairie Gateway
"Gilliam County, OR",Gilliam County,OR,Oregon,41021,Basin and Range
"Gilmer County, GA",Gilmer County,GA,Georgia,13123,Southern Seaboard
"Gilmer County, WV",Gilmer County,WV,West Virginia,54021,Eastern Uplands
"Gilpin County, CO",Gilpin County,CO,Colorado,8047,Basin and Range
"Glacier County, MT",Glacier County,MT,Montana,30035,Northern Great Plains
"Glades County, FL",Glades County,FL,Florida,12043,Fruitful Rim
"Gladwin County, MI",Gladwin County,MI,Michigan,26051,Northern Crescent
"Glascock County, GA",Glascock County,GA,Georgia,13125,Southern Seaboard
"Glasscock County, TX",Glasscock County,TX,Texas,48173,Prairie Gateway
"Glenn County, CA",Glenn County,CA,California,6021,Fruitful Rim
"Gloucester County, NJ",Gloucester County,NJ,New Jersey,34015,Northern Crescent
"Gloucester County, VA",Gloucester County,VA,Virginia,51073,Southern Seaboard
"Glynn County, GA",Glynn County,GA,Georgia,13127,Fruitful Rim
"Gogebic County, MI",Gogebic County,MI,Michigan,26053,Northern Crescent
"Golden Valley County, MT",Golden Valley County,MT,Montana,30037,Basin and Range
"Golden Valley County, ND",Golden Valley County,ND,North Dakota,38033,Northern Great Plains
"Goliad County, TX",Goliad County,TX,Texas,48175,Prairie Gateway
"Gonzales County, TX",Gonzales County,TX,Texas,48177,Prairie Gateway
"Goochland County, VA",Goochland County,VA,Virginia,51075,Southern Seaboard
"Goodhue County, MN",Goodhue County,MN,Minnesota,27049,Heartland
"Gooding County, ID",Gooding County,ID,Idaho,16047,Fruitful Rim
"Gordon County, GA",Gordon County,GA,Georgia,13129,Eastern Uplands
"Goshen County, WY",Goshen County,WY,Wyoming,56015,Northern Great Plains
"Gosper County, NE",Gosper County,NE,Nebraska,31073,Prairie Gateway
"Gove County, KS",Gove County,KS,Kansas,20063,Prairie Gateway
"Grady County, GA",Grady County,GA,Georgia,13131,Southern Seaboard
"Grady County, OK",Grady County,OK,Oklahoma,40051,Prairie Gateway
"Grafton County, NH",Grafton County,NH,New Hampshire,33009,Northern Crescent
"Graham County, AZ",Graham County,AZ,Arizona,4009,Fruitful Rim
"Graham County, KS",Graham County,KS,Kansas,20065,Prairie Gateway
"Graham County, NC",Graham County,NC,North Carolina,37075,Eastern Uplands
"Grainger County, TN",Grainger County,TN,Tennessee,47057,Eastern Uplands
"Grand County, CO",Grand County,CO,Colorado,8049,Basin and Range
"Grand County, UT",Grand County,UT,Utah,49019,Basin and Range
"Grand Forks County, ND",Grand Forks County,ND,North Dakota,38035,Northern Great Plains
"Grand Isle County, VT",Grand Isle County,VT,Vermont,50013,Northern Crescent
"Grand Traverse County, MI",Grand Traverse County,MI,Michigan,26055,Northern Crescent
"Granite County, MT",Granite County,MT,Montana,30039,Basin and Range
"Grant County, AR",Grant County,AR,Arkansas,5053,Eastern Uplands
"Grant County, IN",Grant County,IN,Indiana,18053,Heartland
"Grant County, KS",Grant County,KS,Kansas,20067,Prairie Gateway
"Grant County, KY",Grant County,KY,Kentucky,21081,Eastern Uplands
"Grant County, MN",Grant County,MN,Minnesota,27051,Heartland
"Grant County, ND",Grant County,ND,North Dakota,38037,Northern Great Plains
"Grant County, NE",Grant County,NE,Nebraska,31075,Northern Great Plains
"Grant County, NM",Grant County,NM,New Mexico,35017,Basin and Range
"Grant County, OK",Grant County,OK,Oklahoma,40053,Prairie Gateway
"Grant County, OR",Grant County,OR,Oregon,41023,Basin and Range
"Grant County, SD",Grant County,SD,South Dakota,46051,Northern Great Plains
"Grant County, WA",Grant County,WA,Washington,53025,Fruitful Rim
"Grant County, WI",Grant County,WI,Wisconsin,55043,Northern Crescent
"Grant County, WV",Grant County,WV,West Virginia,54023,Eastern Uplands
"Grant Parish, LA",Grant Parish,LA,Louisiana,22043,Mississippi Portal
"Granville County, NC",Granville County,NC,North Carolina,37077,Southern Seaboard
"Gratiot County, MI",Gratiot County,MI,Michigan,26057,Northern Crescent
"Graves County, KY",Graves County,KY,Kentucky,21083,Heartland
"Gray County, KS",Gray County,KS,Kansas,20069,Prairie Gateway
"Gray County, TX",Gray County,TX,Texas,48179,Prairie Gateway
"Grays Harbor County, WA",Grays Harbor County,WA,Washington,53027,Fruitful Rim
"Grayson County, KY",Grayson County,KY,Kentucky,21085,Eastern Uplands
"Grayson County, TX",Grayson County,TX,Texas,48181,Prairie Gateway
"Grayson County, VA",Grayson County,VA,Virginia,51077,Eastern Uplands
"Greater Bridgeport Planning Region, CT",Greater Bridgeport Planning Region,CT,Connecticut,9120,
"Greeley County, KS",Greeley County,KS,Kansas,20071,Prairie Gateway
"Greeley County, NE",Greeley County,NE,Nebraska,31077,Prairie Gateway
"Green County, KY",Green County,KY,Kentucky,21087,Eastern Uplands
"Green County, WI",Green County,WI,Wisconsin,55045,Northern Crescent
"Green Lake County, WI",Green Lake County,WI,Wisconsin,55047,Northern Crescent
"Greenbrier County, WV",Greenbrier County,WV,West Virginia,54025,Eastern Uplands
"Greene County, AL",Greene County,AL,Alabama,1063,Southern Seaboard
"Greene County, AR",Greene County,AR,Arkansas,5055,Mississippi Portal
"Greene County, GA",Greene County,GA,Georgia,13133,Southern Seaboard
"Greene County, IA",Greene County,IA,Iowa,19073,Heartland
"Greene County, IL",Greene County,IL,Illinois,17061,Heartland
"Greene County, IN",Greene County,IN,Indiana,18055,Heartland
"Greene County, MO",Greene County,MO,Missouri,29077,Eastern Uplands
"Greene County, MS",Greene County,MS,Mississippi,28041,Southern Seaboard
"Greene County, NC",Greene County,NC,North Carolina,37079,Southern Seaboard
"Greene County, NY",Greene County,NY,New York,36039,Northern Crescent
"Greene County, OH",Greene County,OH,Ohio,39057,Heartland
"Greene County, PA",Greene County,PA,Pennsylvania,42059,Eastern Uplands
"Greene County, TN",Greene County,TN,Tennessee,47059,Eastern Uplands
"Greene County, VA",Greene County,VA,Virginia,51079,Southern Seaboard
"Greenlee County, AZ",Greenlee County,AZ,Arizona,4011,Basin and Range
"Greensville County, VA",Greensville County,VA,Virginia,51081,Southern Seaboard
"Greenup County, KY",Greenup County,KY,Kentucky,21089,Eastern Uplands
"Greenville County, SC",Greenville County,SC,South Carolina,45045,Southern Seaboard
"Greenwood County, KS",Greenwood County,KS,Kansas,20073,Prairie Gateway
"Greenwood County, SC",Greenwood County,SC,South Carolina,45047,Southern Seaboard
"Greer County, OK",Greer County,OK,Oklahoma,40055,Prairie Gateway
"Gregg County, TX",Gregg County,TX,Texas,48183,Southern Seaboard
"Gregory County, SD",Gregory County,SD,South Dakota,46053,Northern Great Plains
"Grenada County, MS",Grenada County,MS,Mississippi,28043,Mississippi Portal
"Griggs County, ND",Griggs County,ND,North Dakota,38039,Northern Great Plains
"Grimes County, TX",Grimes County,TX,Texas,48185,Southern Seaboard
"Grundy County, IA",Grundy County,IA,Iowa,19075,Heartland
"Grundy County, IL",Grundy County,IL,Illinois,17063,Heartland
"Grundy County, MO",Grundy County,MO,Missouri,29079,Heartland
"Grundy County, TN",Grundy County,TN,Tennessee,47061,Eastern Uplands
"Guadalupe County, NM",Guadalupe County,NM,New Mexico,35019,Prairie Gateway
"Guadalupe County, TX",Guadalupe County,TX,Texas,48187,Prairie Gateway
"Guernsey County, OH",Guernsey County,OH,Ohio,39059,Eastern Uplands
"Guilford County, NC",Guilford County,NC,North Carolina,37081,Southern Seaboard
"Gulf County, FL",Gulf County,FL,Florida,12045,Fruitful Rim
"Gunnison County, CO",Gunnison County,CO,Colorado,8051,Basin and Range
"Guthrie County, IA",Guthrie County,IA,Iowa,19077,Heartland
"Gwinnett County, GA",Gwinnett County,GA,Georgia,13135,Southern Seaboard
"Haakon County, SD",Haakon County,SD,South Dakota,46055,Northern Great Plains
"Habersham County, GA",Habersham County,GA,Georgia,13137,Southern Seaboard
"Haines Borough, AK",Haines Borough,AK,Alaska,2100,
"Hale County, AL",Hale County,AL,Alabama,1065,Southern Seaboard
"Hale County, TX",Hale County,TX,Texas,48189,Prairie Gateway
"Halifax County, NC",Halifax County,NC,North Carolina,37083,Southern Seaboard
"Halifax County, VA",Halifax County,VA,Virginia,51083,Southern Seaboard
"Hall County, GA",Hall County,GA,Georgia,13139,Southern Seaboard
"Hall County, NE",Hall County,NE,Nebraska,31079,Prairie Gateway
"Hall County, TX",Hall County,TX,Texas,48191,Prairie Gateway
"Hamblen County, TN",Hamblen County,TN,Tennessee,47063,Eastern Uplands
"Hamilton County, FL",Hamilton County,FL,Florida,12047,Fruitful Rim
"Hamilton County, IA",Hamilton County,IA,Iowa,19079,Heartland
"Hamilton County, IL",Hamilton County,IL,Illinois,17065,Heartland
"Hamilton County, IN",Hamilton County,IN,Indiana,18057,Heartland
"Hamilton County, KS",Hamilton County,KS,Kansas,20075,Prairie Gateway
"Hamilton County, NE",Hamilton County,NE,Nebraska,31081,Heartland
"Hamilton County, NY",Hamilton County,NY,New York,36041,Northern Crescent
"Hamilton County, OH",Hamilton County,OH,Ohio,39061,Heartland
"Hamilton County, TN",Hamilton County,TN,Tennessee,47065,Eastern Uplands
"Hamilton County, TX",Hamilton County,TX,Texas,48193,Prairie Gateway
"Hamlin County, SD",Hamlin County,SD,South Dakota,46057,Northern Great Plains
"Hampden County, MA",Hampden County,MA,Massachusetts,25013,Northern Crescent
"Hampshire County, MA",Hampshire County,MA,Massachusetts,25015,Northern Crescent
"Hampshire County, WV",Hampshire County,WV,West Virginia,54027,Eastern Uplands
"Hampton City, VA",Hampton City,VA,Virginia,51650,Southern Seaboard
"Hampton County, SC",Hampton County,SC,South Carolina,45049,Fruitful Rim
"Hancock County, GA",Hancock County,GA,Georgia,13141,Southern Seaboard
"Hancock County, IA",Hancock County,IA,Iowa,19081,Heartland
"Hancock County, IL",Hancock County,IL,Illinois,17067,Heartland
"Hancock County, IN",Hancock County,IN,Indiana,18059,Heartland
"Hancock County, KY",Hancock County,KY,Kentucky,21091,Heartland
"Hancock County, ME",Hancock County,ME,Maine,23009,Northern Crescent
"Hancock County, MS",Hancock County,MS,Mississippi,28045,Southern Seaboard
"Hancock County, OH",Hancock County,OH,Ohio,39063,Heartland
"Hancock County, TN",Hancock County,TN,Tennessee,47067,Eastern Uplands
"Hancock County, WV",Hancock County,WV,West Virginia,54029,Eastern Uplands
"Hand County, SD",Hand County,SD,South Dakota,46059,Northern Great Plains
"Hanover County, VA",Hanover County,VA,Virginia,51085,Southern Seaboard
"Hansford County, TX",Hansford County,TX,Texas,48195,Prairie Gateway
"Hanson County, SD",Hanson County,SD,South Dakota,46061,Heartland
"Haralson County, GA",Haralson County,GA,Georgia,13143,Southern Seaboard
"Hardee County, FL",Hardee County,FL,Florida,12049,Fruitful Rim
"Hardeman County, TN",Hardeman County,TN,Tennessee,47069,Mississippi Portal
"Hardeman County, TX",Hardeman County,TX,Texas,48197,Prairie Gateway
"Hardin County, IA",Hardin County,IA,Iowa,19083,Heartland
"Hardin County, IL",Hardin County,IL,Illinois,17069,Heartland
"Hardin County, KY",Hardin County,KY,Kentucky,21093,Eastern Uplands
"Hardin County, OH",Hardin County,OH,Ohio,39065,Heartland
"Hardin County, TN",Hardin County,TN,Tennessee,47071,Mississippi Portal
"Hardin County, TX",Hardin County,TX,Texas,48199,Southern Seaboard
"Harding County, NM",Harding County,NM,New Mexico,35021,Prairie Gateway
"Harding County, SD",Harding County,SD,South Dakota,46063,Northern Great Plains
"Hardy County, WV",Hardy County,WV,West Virginia,54031,Eastern Uplands
"Harford County, MD",Harford County,MD,Maryland,24025,Northern Crescent
"Harlan County, KY",Harlan County,KY,Kentucky,21095,Eastern Uplands
"Harlan County, NE",Harlan County,NE,Nebraska,31083,Prairie Gateway
"Harmon County, OK",Harmon County,OK,Oklahoma,40057,Prairie Gateway
"Harnett County, NC",Harnett County,NC,North Carolina,37085,Southern Seaboard
"Harney County, OR",Harney County,OR,Oregon,41025,Basin and Range
"Harper County, KS",Harper County,KS,Kansas,20077,Prairie Gateway
"Harper County, OK",Harper County,OK,Oklahoma,40059,Prairie Gateway
"Harris County, GA",Harris County,GA,Georgia,13145,Southern Seaboard
"Harris County, TX",Harris County,TX,Texas,48201,Fruitful Rim
"Harrison County, IA",Harrison County,IA,Iowa,19085,Heartland
"Harrison County, IN",Harrison County,IN,Indiana,18061,Heartland
"Harrison County, KY",Harrison County,KY,Kentucky,21097,Eastern Uplands
"Harrison County, MO",Harrison County,MO,Missouri,29081,Heartland
"Harrison County, MS",Harrison County,MS,Mississippi,28047,Southern Seaboard
"Harrison County, OH",Harrison County,OH,Ohio,39067,Eastern Uplands
"Harrison County, TX",Harrison County,TX,Texas,48203,Southern Seaboard
"Harrison County, WV",Harrison County,WV,West Virginia,54033,Eastern Uplands
"Harrisonburg City, VA",Harrisonburg City,VA,Virginia,51660,Southern Seaboard
"Hart County, GA",Hart County,GA,Georgia,13147,Southern Seaboard
"Hart County, KY",Hart County,KY,Kentucky,21099,Eastern Uplands
"Hartley County, TX",Hartley County,TX,Texas,48205,Prairie Gateway
"Harvey County, KS",Harvey County,KS,Kansas,20079,Prairie Gateway
"Haskell County, KS",Haskell County,KS,Kansas,20081,Prairie Gateway
"Haskell County, OK",Haskell County,OK,Oklahoma,40061,Eastern Uplands
"Haskell County, TX",Haskell County,TX,Texas,48207,Prairie Gateway
"Hawaii County, HI",Hawaii County,HI,Hawaii,15001,
"Hawkins County, TN",Hawkins County,TN,Tennessee,47073,Eastern Uplands
"Hayes County, NE",Hayes County,NE,Nebraska,31085,Prairie Gateway
"Hays County, TX",Hays County,TX,Texas,48209,Prairie Gateway
"Haywood County, NC",Haywood County,NC,North Carolina,37087,Eastern Uplands
"Haywood County, TN",Haywood County,TN,Tennessee,47075,Mississippi Portal
"Heard County, GA",Heard County,GA,Georgia,13149,Southern Seaboard
"Hemphill County, TX",Hemphill County,TX,Texas,48211,Prairie Gateway
"Hempstead County, AR",Hempstead County,AR,Arkansas,5057,Eastern Uplands
"Henderson County, IL",Henderson County,IL,Illinois,17071,Heartland
"Henderson County, KY",Henderson County,KY,Kentucky,21101,Heartland
"Henderson County, NC",Henderson County,NC,North Carolina,37089,Eastern Uplands
"Henderson County, TN",Henderson County,TN,Tennessee,47077,Mississippi Portal
"Henderson County, TX",Henderson County,TX,Texas,48213,Southern Seaboard
"Hendricks County, IN",Hendricks County,IN,Indiana,18063,Heartland
"Hendry County, FL",Hendry County,FL,Florida,12051,Fruitful Rim
"Hennepin County, MN",Hennepin County,MN,Minnesota,27053,Northern Crescent
"Henrico County, VA",Henrico County,VA,Virginia,51087,Southern Seaboard
"Henry County, AL",Henry County,AL,Alabama,1067,Southern Seaboard
"Henry County, GA",Henry County,GA,Georgia,13151,Southern Seaboard
"Henry County, IA",Henry County,IA,Iowa,19087,Heartland
"Henry County, IL",Henry County,IL,Illinois,17073,Heartland
"Henry County, IN",Henry County,IN,Indiana,18065,Heartland
"Henry County, KY",Henry County,KY,Kentucky,21103,Eastern Uplands
"Henry County, MO",Henry County,MO,Missouri,29083,Heartland
"Henry County, OH",Henry County,OH,Ohio,39069,Heartland
"Henry County, TN",Henry County,TN,Tennessee,47079,Mississippi Portal
"Henry County, VA",Henry County,VA,Virginia,51089,Southern Seaboard
"Herkimer County, NY",Herkimer County,NY,New York,36043,Northern Crescent
"Hernando County, FL",Hernando County,FL,Florida,12053,Fruitful Rim
"Hertford County, NC",Hertford County,NC,North Carolina,37091,Southern Seaboard
"Hettinger County, ND",Hettinger County,ND,North Dakota,38041,Northern Great Plains
"Hickman County, KY",Hickman County,KY,Kentucky,21105,Heartland
"Hickman County, TN",Hickman County,TN,Tennessee,47081,Mississippi Portal
"Hickory County, MO",Hickory County,MO,Missouri,29085,Heartland
"Hidalgo County, NM",Hidalgo County,NM,New Mexico,35023,Basin and Range
"Hidalgo County, TX",Hidalgo County,TX,Texas,48215,Fruitful Rim
"Highland County, OH",Highland County,OH,Ohio,39071,Heartland
"Highland County, VA",Highland County,VA,Virginia,51091,Eastern Uplands
"Highlands County, FL",Highlands County,FL,Florida,12055,Fruitful Rim
"Hill County, MT",Hill County,MT,Montana,30041,Northern Great Plains
"Hill County, TX",Hill County,TX,Texas,48217,Prairie Gateway
"Hillsborough County, FL",Hillsborough County,FL,Florida,12057,Fruitful Rim
"Hillsborough County, NH",Hillsborough County,NH,New Hampshire,33011,Northern Crescent
"Hillsdale County, MI",Hillsdale County,MI,Michigan,26059,Northern Crescent
"Hinds County, MS",Hinds County,MS,Mississippi,28049,Mississippi Portal
"Hinsdale County, CO",Hinsdale County,CO,Colorado,8053,Basin and Range
"Hitchcock County, NE",Hitchcock County,NE,Nebraska,31087,Prairie Gateway
"Hocking County, OH",Hocking County,OH,Ohio,39073,Eastern Uplands
"Hockley County, TX",Hockley County,TX,Texas,48219,Prairie Gateway
"Hodgeman County, KS",Hodgeman County,KS,Kansas,20083,Prairie Gateway
"Hoke County, NC",Hoke County,NC,North Carolina,37093,Southern Seaboard
"Holmes County, FL",Holmes County,FL,Florida,12059,Fruitful Rim
"Holmes County, MS",Holmes County,MS,Mississippi,28051,Mississippi Portal
"Holmes County, OH",Holmes County,OH,Ohio,39075,Eastern Uplands
"Holt County, MO",Holt County,MO,Missouri,29087,Heartland
"Holt County, NE",Holt County,NE,Nebraska,31089,Northern Great Plains
"Honolulu County, HI",Honolulu County,HI,Hawaii,15003,
"Hood County, TX",Hood County,TX,Texas,48221,Prairie Gateway
"Hood River County, OR",Hood River County,OR,Oregon,41027,Basin and Range
"Hooker County, NE",Hooker County,NE,Nebraska,31091,Northern Great Plains
"Hoonah-Angoon Census Area, AK",Hoonah-Angoon Census Area,AK,Alaska,2105,
"Hopewell City, VA",Hopewell City,VA,Virginia,51670,Southern Seaboard
"Hopkins County, KY",Hopkins County,KY,Kentucky,21107,Heartland
"Hopkins County, TX",Hopkins County,TX,Texas,48223,Southern Seaboard
"Horry County, SC",Horry County,SC,South Carolina,45051,Southern Seaboard
"Hot Spring County, AR",Hot Spring County,AR,Arkansas,5059,Eastern Uplands
"Hot Springs County, WY",Hot Springs County,WY,Wyoming,56017,Basin and Range
"Houghton County, MI",Houghton County,MI,Michigan,26061,Northern Crescent
"Houston County, AL",Houston County,AL,Alabama,1069,Southern Seaboard
"Houston County, GA",Houston County,GA,Georgia,13153,Southern Seaboard
"Houston County, MN",Houston County,MN,Minnesota,27055,Heartland
"Houston County, TN",Houston County,TN,Tennessee,47083,Mississippi Portal
"Houston County, TX",Houston County,TX,Texas,48225,Southern Seaboard
"Howard County, AR",Howard County,AR,Arkansas,5061,Eastern Uplands
"Howard County, IA",Howard County,IA,Iowa,19089,Heartland
"Howard County, IN",Howard County,IN,Indiana,18067,Heartland
"Howard County, MD",Howard County,MD,Maryland,24027,Northern Crescent
"Howard County, MO",Howard County,MO,Missouri,29089,Heartland
"Howard County, NE",Howard County,NE,Nebraska,31093,Prairie Gateway
"Howard County, TX",Howard County,TX,Texas,48227,Prairie Gateway
"Howell County, MO",Howell County,MO,Missouri,29091,Eastern Uplands
"Hubbard County, MN",Hubbard County,MN,Minnesota,27057,Northern Crescent
"Hudson County, NJ",Hudson County,NJ,New Jersey,34017,Northern Crescent
"Hudspeth County, TX",Hudspeth County,TX,Texas,48229,Fruitful Rim
"Huerfano County, CO",Huerfano County,CO,Colorado,8055,Prairie Gateway
"Hughes County, OK",Hughes County,OK,Oklahoma,40063,Eastern Uplands
"Hughes County, SD",Hughes County,SD,South Dakota,46065,Northern Great Plains
"Humboldt County, CA",Humboldt County,CA,California,6023,Basin and Range
"Humboldt County, IA",Humboldt County,IA,Iowa,19091,Heartland
"Humboldt County, NV",Humboldt County,NV,Nevada,32013,Basin and Range
"Humphreys County, MS",Humphreys County,MS,Mississippi,28053,Mississippi Portal
"Humphreys County, TN",Humphreys County,TN,Tennessee,47085,Mississippi Portal
"Hunt County, TX",Hunt County,TX,Texas,48231,Prairie Gateway
"Hunterdon County, NJ",Hunterdon County,NJ,New Jersey,34019,Northern Crescent
"Huntingdon County, PA",Huntingdon County,PA,Pennsylvania,42061,Northern Crescent
"Huntington County, IN",Huntington County,IN,Indiana,18069,Heartland
"Huron County, MI",Huron County,MI,Michigan,26063,Northern Crescent
"Huron County, OH",Huron County,OH,Ohio,39077,Northern Crescent
"Hutchinson County, SD",Hutchinson County,SD,South Dakota,46067,Heartland
"Hutchinson County, TX",Hutchinson County,TX,Texas,48233,Prairie Gateway
"Hyde County, NC",Hyde County,NC,North Carolina,37095,Southern Seaboard
"Hyde County, SD",Hyde County,SD,South Dakota,46069,Northern Great Plains
"Iberia Parish, LA",Iberia Parish,LA,Louisiana,22045,Mississippi Portal
"Iberville Parish, LA",Iberville Parish,LA,Louisiana,22047,Mississippi Portal
"Ida County, IA",Ida County,IA,Iowa,19093,Heartland
"Idaho County, ID",Idaho County,ID,Idaho,16049,Basin and Range
"Imperial County, CA",Imperial County,CA,California,6025,Fruitful Rim
"Independence County, AR",Independence County,AR,Arkansas,5063,Mississippi Portal
"Indian River County, FL",Indian River County,FL,Florida,12061,Fruitful Rim
"Indiana County, PA",Indiana County,PA,Pennsylvania,42063,Eastern Uplands
"Ingham County, MI",Ingham County,MI,Michigan,26065,Northern Crescent
"Inyo County, CA",Inyo County,CA,California,6027,Basin and Range
"Ionia County, MI",Ionia County,MI,Michigan,26067,Northern Crescent
"Iosco County, MI",Iosco County,MI,Michigan,26069,Northern Crescent
"Iowa County, IA",Iowa County,IA,Iowa,19095,Heartland
"Iowa County, WI",Iowa County,WI,Wisconsin,55049,Northern Crescent
"Iredell County, NC",Iredell County,NC,North Carolina,37097,Southern Seaboard
"Irion County, TX",Irion County,TX,Texas,48235,Prairie Gateway
"Iron County, MI",Iron County,MI,Michigan,26071,Northern Crescent
"Iron County, MO",Iron County,MO,Missouri,29093,Eastern Uplands
"Iron County, UT",Iron County,UT,Utah,49021,Basin and Range
"Iron County, WI",Iron County,WI,Wisconsin,55051,Northern Crescent
"Iroquois County, IL",Iroquois County,IL,Illinois,17075,Heartland
"Irwin County, GA",Irwin County,GA,Georgia,13155,Southern Seaboard
"Isabella County, MI",Isabella County,MI,Michigan,26073,Northern Crescent
"Isanti County, MN",Isanti County,MN,Minnesota,27059,Northern Crescent
"Island County, WA",Island County,WA,Washington,53029,Fruitful Rim
"Isle of Wight County, VA",Isle of Wight County,VA,Virginia,51093,Southern Seaboard
"Issaquena County, MS",Issaquena County,MS,Mississippi,28055,Mississippi Portal
"Itasca County, MN",Itasca County,MN,Minnesota,27061,Northern Crescent
"Itawamba County, MS",Itawamba County,MS,Mississippi,28057,Mississippi Portal
"Izard County, AR",Izard County,AR,Arkansas,5065,Eastern Uplands
"Jack County, TX",Jack County,TX,Texas,48237,Prairie Gateway
"Jackson County, AL",Jackson County,AL,Alabama,1071,Eastern Uplands
"Jackson County, AR",Jackson County,AR,Arkansas,5067,Mississippi Portal
"Jackson County, CO",Jackson County,CO,Colorado,8057,Basin and Range
"Jackson County, FL",Jackson County,FL,Florida,12063,Fruitful Rim
"Jackson County, GA",Jackson County,GA,Georgia,13157,Southern Seaboard
"Jackson County, IA",Jackson County,IA,Iowa,19097,Heartland
"Jackson County, IL",Jackson County,IL,Illinois,17077,Heartland
"Jackson County, IN",Jackson County,IN,Indiana,18071,Heartland
"Jackson County, KS",Jackson County,KS,Kansas,20085,Prairie Gateway
"Jackson County, KY",Jackson County,KY,Kentucky,21109,Eastern Uplands
"Jackson County, MI",Jackson County,MI,Michigan,26075,Northern Crescent
"Jackson County, MN",Jackson County,MN,Minnesota,27063,Heartland
"Jackson County, MO",Jackson County,MO,Missouri,29095,Heartland
"Jackson County, MS",Jackson County,MS,Mississippi,28059,Southern Seaboard
"Jackson County, NC",Jackson County,NC,North Carolina,37099,Eastern Uplands
"Jackson County, OH",Jackson County,OH,Ohio,39079,Heartland
"Jackson County, OK",Jackson County,OK,Oklahoma,40065,Prairie Gateway
"Jackson County, OR",Jackson County,OR,Oregon,41029,Fruitful Rim
"Jackson County, SD",Jackson County,SD,South Dakota,46071,Northern Great Plains
"Jackson County, TN",Jackson County,TN,Tennessee,47087,Eastern Uplands
"Jackson County, TX",Jackson County,TX,Texas,48239,Fruitful Rim
"Jackson County, WI",Jackson County,WI,Wisconsin,55053,Northern Crescent
"Jackson County, WV",Jackson County,WV,West Virginia,54035,Eastern Uplands
"Jackson Parish, LA",Jackson Parish,LA,Louisiana,22049,Southern Seaboard
"James City County, VA",James City County,VA,Virginia,51095,Southern Seaboard
"Jasper County, GA",Jasper County,GA,Georgia,13159,Southern Seaboard
"Jasper County, IA",Jasper County,IA,Iowa,19099,Heartland
"Jasper County, IL",Jasper County,IL,Illinois,17079,Heartland
"Jasper County, IN",Jasper County,IN,Indiana,18073,Heartland
"Jasper County, MO",Jasper County,MO,Missouri,29097,Eastern Uplands
"Jasper County, MS",Jasper County,MS,Mississippi,28061,Southern Seaboard
"Jasper County, SC",Jasper County,SC,South Carolina,45053,Fruitful Rim
"Jasper County, TX",Jasper County,TX,Texas,48241,Southern Seaboard
"Jay County, IN",Jay County,IN,Indiana,18075,Heartland
"Jeff Davis County, GA",Jeff Davis County,GA,Georgia,13161,Southern Seaboard
"Jeff Davis County, TX",Jeff Davis County,TX,Texas,48243,Fruitful Rim
"Jefferson County, AL",Jefferson County,AL,Alabama,1073,Eastern Uplands
"Jefferson County, AR",Jefferson County,AR,Arkansas,5069,Mississippi Portal
"Jefferson County, CO",Jefferson County,CO,Colorado,8059,Northern Great Plains
"Jefferson County, FL",Jefferson County,FL,Florida,12065,Fruitful Rim
"Jefferson County, GA",Jefferson County,GA,Georgia,13163,Southern Seaboard
"Jefferson County, IA",Jefferson County,IA,Iowa,19101,Heartland
"Jefferson County, ID",Jefferson County,ID,Idaho,16051,Fruitful Rim
"Jefferson County, IL",Jefferson County,IL,Illinois,17081,Heartland
"Jefferson County, IN",Jefferson County,IN,Indiana,18077,Heartland
"Jefferson County, KS",Jefferson County,KS,Kansas,20087,Prairie Gateway
"Jefferson County, KY",Jefferson County,KY,Kentucky,21111,Eastern Uplands
"Jefferson County, MO",Jefferson County,MO,Missouri,29099,Heartland
"Jefferson County, MS",Jefferson County,MS,Mississippi,28063,Mississippi Portal
"Jefferson County, MT",Jefferson County,MT,Montana,30043,Basin and Range
"Jefferson County, NE",Jefferson County,NE,Nebraska,31095,Prairie Gateway
"Jefferson County, NY",Jefferson County,NY,New York,36045,Northern Crescent
"Jefferson County, OH",Jefferson County,OH,Ohio,39081,Eastern Uplands
"Jefferson County, OK",Jefferson County,OK,Oklahoma,40067,Prairie Gateway
"Jefferson County, OR",Jefferson County,OR,Oregon,41031,Basin and Range
"Jefferson County, PA",Jefferson County,PA,Pennsylvania,42065,Eastern Uplands
"Jefferson County, TN",Jefferson County,TN,Tennessee,47089,Eastern Uplands
"Jefferson County, TX",Jefferson County,TX,Texas,48245,Fruitful Rim
"Jefferson County, WA",Jefferson County,WA,Washington,53031,Fruitful Rim
"Jefferson County, WI",Jefferson County,WI,Wisconsin,55055,Northern Crescent
"Jefferson County, WV",Jefferson County,WV,West Virginia,54037,Eastern Uplands
"Jefferson Davis County, MS",Jefferson Davis County,MS,Mississippi,28065,Southern Seaboard
"Jefferson Davis Parish, LA",Jefferson Davis Parish,LA,Louisiana,22053,Mississippi Portal
"Jefferson Parish, LA",Jefferson Parish,LA,Louisiana,22051,Mississippi Portal
"Jenkins County, GA",Jenkins County,GA,Georgia,13165,Southern Seaboard
"Jennings County, IN",Jennings County,IN,Indiana,18079,Heartland
"Jerauld County, SD",Jerauld County,SD,South Dakota,46073,Northern Great Plains
"Jerome County, ID",Jerome County,ID,Idaho,16053,Fruitful Rim
"Jersey County, IL",Jersey County,IL,Illinois,17083,Heartland
"Jessamine County, KY",Jessamine County,KY,Kentucky,21113,Eastern Uplands
"Jewell County, KS",Jewell County,KS,Kansas,20089,Prairie Gateway
"Jim Hogg County, TX",Jim Hogg County,TX,Texas,48247,Fruitful Rim
"Jim Wells County, TX",Jim Wells County,TX,Texas,48249,Fruitful Rim
"Jo Daviess County, IL",Jo Daviess County,IL,Illinois,17085,Heartland
"Johnson County, AR",Johnson County,AR,Arkansas,5071,Eastern Uplands
"Johnson County, GA",Johnson County,GA,Georgia,13167,Southern Seaboard
"Johnson County, IA",Johnson County,IA,Iowa,19103,Heartland
"Johnson County, IL",Johnson County,IL,Illinois,17087,Heartland
"Johnson County, IN",Johnson County,IN,Indiana,18081,Heartland
"Johnson County, KS",Johnson County,KS,Kansas,20091,Prairie Gateway
"Johnson County, KY",Johnson County,KY,Kentucky,21115,Eastern Uplands
"Johnson County, MO",Johnson County,MO,Missouri,29101,Heartland
"Johnson County, NE",Johnson County,NE,Nebraska,31097,Prairie Gateway
"Johnson County, TN",Johnson County,TN,Tennessee,47091,Eastern Uplands
"Johnson County, TX",Johnson County,TX,Texas,48251,Prairie Gateway
"Johnson County, WY",Johnson County,WY,Wyoming,56019,Northern Great Plains
"Johnston County, NC",Johnston County,NC,North Carolina,37101,Southern Seaboard
"Johnston County, OK",Johnston County,OK,Oklahoma,40069,Prairie Gateway
"Jones County, GA",Jones County,GA,Georgia,13169,Southern Seaboard
"Jones County, IA",Jones County,IA,Iowa,19105,Heartland
"Jones County, MS",Jones County,MS,Mississippi,28067,Southern Seaboard
"Jones County, NC",Jones County,NC,North Carolina,37103,Southern Seaboard
"Jones County, SD",Jones County,SD,South Dakota,46075,Northern Great Plains
"Jones County, TX",Jones County,TX,Texas,48253,Prairie Gateway
"Josephine County, OR",Josephine County,OR,Oregon,41033,Fruitful Rim
"Juab County, UT",Juab County,UT,Utah,49023,Basin and Range
"Judith Basin County, MT",Judith Basin County,MT,Montana,30045,Basin and Range
"Juneau City and Borough, AK",Juneau City and Borough,AK,Alaska,2110,
"Juneau County, WI",Juneau County,WI,Wisconsin,55057,Northern Crescent
"Juniata County, PA",Juniata County,PA,Pennsylvania,42067,Northern Crescent
"Kalamazoo County, MI",Kalamazoo County,MI,Michigan,26077,Northern Crescent
"Kalawao County, HI",Kalawao County,HI,Hawaii,15005,
"Kalkaska County, MI",Kalkaska County,MI,Michigan,26079,Northern Crescent
"Kanabec County, MN",Kanabec County,MN,Minnesota,27065,Northern Crescent
"Kanawha County, WV",Kanawha County,WV,West Virginia,54039,Eastern Uplands
"Kandiyohi County, MN",Kandiyohi County,MN,Minnesota,27067,Northern Crescent
"Kane County, IL",Kane County,IL,Illinois,17089,Heartland
"Kane County, UT",Kane County,UT,Utah,49025,Basin and Range
"Kankakee County, IL",Kankakee County,IL,Illinois,17091,Heartland
"Karnes County, TX",Karnes County,TX,Texas,48255,Prairie Gateway
"Kauai County, HI",Kauai County,HI,Hawaii,15007,
"Kaufman County, TX",Kaufman County,TX,Texas,48257,Prairie Gateway
"Kay County, OK",Kay County,OK,Oklahoma,40071,Prairie Gateway
"Kearney County, NE",Kearney County,NE,Nebraska,31099,Prairie Gateway
"Kearny County, KS",Kearny County,KS,Kansas,20093,Prairie Gateway
"Keith County, NE",Keith County,NE,Nebraska,31101,Prairie Gateway
"Kemper County, MS",Kemper County,MS,Mississippi,28069,Mississippi Portal
"Kenai Peninsula Borough, AK",Kenai Peninsula Borough,AK,Alaska,2122,
"Kendall County, IL",Kendall County,IL,Illinois,17093,Heartland
"Kendall County, TX",Kendall County,TX,Texas,48259,Prairie Gateway
"Kenedy County, TX",Kenedy County,TX,Texas,48261,Fruitful Rim
"Kennebec County, ME",Kennebec County,ME,Maine,23011,Northern Crescent
"Kenosha County, WI",Kenosha County,WI,Wisconsin,55059,Northern Crescent
"Kent County, DE",Kent County,DE,Delaware,10001,Southern Seaboard
"Kent County, MD",Kent County,MD,Maryland,24029,Southern Seaboard
"Kent County, MI",Kent County,MI,Michigan,26081,Northern Crescent
"Kent County, RI",Kent County,RI,Rhode Island,44003,Northern Crescent
"Kent County, TX",Kent County,TX,Texas,48263,Prairie Gateway
"Kenton County, KY",Kenton County,KY,Kentucky,21117,Eastern Uplands
"Keokuk County, IA",Keokuk County,IA,Iowa,19107,Heartland
"Kern County, CA",Kern County,CA,California,6029,Fruitful Rim
"Kerr County, TX",Kerr County,TX,Texas,48265,Prairie Gateway
"Kershaw County, SC",Kershaw County,SC,South Carolina,45055,Southern Seaboard
"Ketchikan Gateway Borough, AK",Ketchikan Gateway Borough,AK,Alaska,2130,
"Kewaunee County, WI",Kewaunee County,WI,Wisconsin,55061,Northern Crescent
"Keweenaw County, MI",Keweenaw County,MI,Michigan,26083,Northern Crescent
"Keya Paha County, NE",Keya Paha County,NE,Nebraska,31103,Northern Great Plains
"Kidder County, ND",Kidder County,ND,North Dakota,38043,Northern Great Plains
"Kimball County, NE",Kimball County,NE,Nebraska,31105,Northern Great Plains
"Kimble County, TX",Kimble County,TX,Texas,48267,Prairie Gateway
"King County, TX",King County,TX,Texas,48269,Prairie Gateway
"King County, WA",King County,WA,Washington,53033,Fruitful Rim
"King George County, VA",King George County,VA,Virginia,51099,Southern Seaboard
"King William County, VA",King William County,VA,Virginia,51101,Southern Seaboard
"King and Queen County, VA",King and Queen County,VA,Virginia,51097,Southern Seaboard
"Kingfisher County, OK",Kingfisher County,OK,Oklahoma,40073,Prairie Gateway
"Kingman County, KS",Kingman County,KS,Kansas,20095,Prairie Gateway
"Kings County, CA",Kings County,CA,California,6031,Fruitful Rim
"Kings County, NY",Kings County,NY,New York,36047,Northern Crescent
"Kingsbury County, SD",Kingsbury County,SD,South Dakota,46077,Heartland
"Kinney County, TX",Kinney County,TX,Texas,48271,Prairie Gateway
"Kiowa County, CO",Kiowa County,CO,Colorado,8061,Prairie Gateway
"Kiowa County, KS",Kiowa County,KS,Kansas,20097,Prairie Gateway
"Kiowa County, OK",Kiowa County,OK,Oklahoma,40075,Prairie Gateway
"Kit Carson County, CO",Kit Carson County,CO,Colorado,8063,Prairie Gateway
"Kitsap County, WA",Kitsap County,WA,Washington,53035,Fruitful Rim
"Kittitas County, WA",Kittitas County,WA,Washington,53037,Fruitful Rim
"Kittson County, MN",Kittson County,MN,Minnesota,27069,Northern Great Plains
"Klamath County, OR",Klamath County,OR,Oregon,41035,Basin and Range
"Kleberg County, TX",Kleberg County,TX,Texas,48273,Fruitful Rim
"Klickitat County, WA",Klickitat County,WA,Washington,53039,Fruitful Rim
"Knott County, KY",Knott County,KY,Kentucky,21119,Eastern Uplands
"Knox County, IL",Knox County,IL,Illinois,17095,Heartland
"Knox County, IN",Knox County,IN,Indiana,18083,Heartland
"Knox County, KY",Knox County,KY,Kentucky,21121,Eastern Uplands
"Knox County, ME",Knox County,ME,Maine,23013,Northern Crescent
"Knox County, MO",Knox County,MO,Missouri,29103,Heartland
"Knox County, NE",Knox County,NE,Nebraska,31107,Heartland
"Knox County, OH",Knox County,OH,Ohio,39083,Heartland
"Knox County, TN",Knox County,TN,Tennessee,47093,Eastern Uplands
"Knox County, TX",Knox County,TX,Texas,48275,Prairie Gateway
"Kodiak Island Borough, AK",Kodiak Island Borough,AK,Alaska,2150,
"Koochiching County, MN",Koochiching County,MN,Minnesota,27071,Northern Crescent
"Kootenai County, ID",Kootenai County,ID,Idaho,16055,Basin and Range
"Kosciusko County, IN",Kosciusko County,IN,Indiana,18085,Heartland
"Kossuth County, IA",Kossuth County,IA,Iowa,19109,Heartland
"Kusilvak Census Area, AK",Kusilvak Census Area,AK,Alaska,2158,
"La Crosse County, WI",La Crosse County,WI,Wisconsin,55063,Northern Crescent
"La Paz County, AZ",La Paz County,AZ,Arizona,4012,Fruitful Rim
"La Plata County, CO",La Plata County,CO,Colorado,8067,Basin and Range
"La Salle County, TX",La Salle County,TX,Texas,48283,Fruitful Rim
"LaGrange County, IN",LaGrange County,IN,Indiana,18087,Heartland
"LaMoure County, ND",LaMoure County,ND,North Dakota,38045,Northern Great Plains
"LaPorte County, IN",LaPorte County,IN,Indiana,18091,Heartland
"LaSalle County, IL",LaSalle County,IL,Illinois,17099,Heartland
"LaSalle Parish, LA",LaSalle Parish,LA,Louisiana,22059,Mississippi Portal
"Labette County, KS",Labette County,KS,Kansas,20099,Prairie Gateway
"Lac qui Parle County, MN",Lac qui Parle County,MN,Minnesota,27073,Heartland
"Lackawanna County, PA",Lackawanna County,PA,Pennsylvania,42069,Northern Crescent
"Laclede County, MO",Laclede County,MO,Missouri,29105,Heartland
"Lafayette County, AR",Lafayette County,AR,Arkansas,5073,Eastern Uplands
"Lafayette County, FL",Lafayette County,FL,Florida,12067,Fruitful Rim
"Lafayette County, MO",Lafayette County,MO,Missouri,29107,Heartland
"Lafayette County, MS",Lafayette County,MS,Mississippi,28071,Mississippi Portal
"Lafayette County, WI",Lafayette County,WI,Wisconsin,55065,Northern Crescent
"Lafayette Parish, LA",Lafayette Parish,LA,Louisiana,22055,Mississippi Portal
"Lafourche Parish, LA",Lafourche Parish,LA,Louisiana,22057,Mississippi Portal
"Lake County, CA",Lake County,CA,California,6033,Fruitful Rim
"Lake County, CO",Lake County,CO,Colorado,8065,Basin and Range
"Lake County, FL",Lake County,FL,Florida,12069,Fruitful Rim
"Lake County, IL",Lake County,IL,Illinois,17097,Heartland
"Lake County, IN",Lake County,IN,Indiana,18089,Heartland
"Lake County, MI",Lake County,MI,Michigan,26085,Northern Crescent
"Lake County, MN",Lake County,MN,Minnesota,27075,Northern Crescent
"Lake County, MT",Lake County,MT,Montana,30047,Basin and Range
"Lake County, OH",Lake County,OH,Ohio,39085,Northern Crescent
"Lake County, OR",Lake County,OR,Oregon,41037,Basin and Range
"Lake County, SD",Lake County,SD,South Dakota,46079,Heartland
"Lake County, TN",Lake County,TN,Tennessee,47095,Mississippi Portal
"Lake and Peninsula Borough, AK",Lake and Peninsula Borough,AK,Alaska,2164,
"Lake of the Woods County, MN",Lake of the Woods County,MN,Minnesota,27077,Northern Crescent
"Lamar County, AL",Lamar County,AL,Alabama,1075,Southern Seaboard
"Lamar County, GA",Lamar County,GA,Georgia,13171,Southern Seaboard
"Lamar County, MS",Lamar County,MS,Mississippi,28073,Southern Seaboard
"Lamar County, TX",Lamar County,TX,Texas,48277,Prairie Gateway
"Lamb County, TX",Lamb County,TX,Texas,48279,Prairie Gateway
"Lamoille County, VT",Lamoille County,VT,Vermont,50015,Northern Crescent
"Lampasas County, TX",Lampasas County,TX,Texas,48281,Prairie Gateway
"Lancaster County, NE",Lancaster County,NE,Nebraska,31109,Heartland
"Lancaster County, PA",Lancaster County,PA,Pennsylvania,42071,Northern Crescent
"Lancaster County, SC",Lancaster County,SC,South Carolina,45057,Southern Seaboard
"Lancaster County, VA",Lancaster County,VA,Virginia,51103,Southern Seaboard
"Lander County, NV",Lander County,NV,Nevada,32015,Basin and Range
"Lane County, KS",Lane County,KS,Kansas,20101,Prairie Gateway
"Lane County, OR",Lane County,OR,Oregon,41039,Fruitful Rim
"Langlade County, WI",Langlade County,WI,Wisconsin,55067,Northern Crescent
"Lanier County, GA",Lanier County,GA,Georgia,13173,Southern Seaboard
"Lapeer County, MI",Lapeer County,MI,Michigan,26087,Northern Crescent
"Laramie County, WY",Laramie County,WY,Wyoming,56021,Northern Great Plains
"Larimer County, CO",Larimer County,CO,Colorado,8069,Northern Great Plains
"Larue County, KY",Larue County,KY,Kentucky,21123,Eastern Uplands
"Las Animas County, CO",Las Animas County,CO,Colorado,8071,Prairie Gateway
"Lassen County, CA",Lassen County,CA,California,6035,Basin and Range
"Latah County, ID",Latah County,ID,Idaho,16057,Basin and Range
"Latimer County, OK",Latimer County,OK,Oklahoma,40077,Eastern Uplands
"Lauderdale County, AL",Lauderdale County,AL,Alabama,1077,Eastern Uplands
"Lauderdale County, MS",Lauderdale County,MS,Mississippi,28075,Southern Seaboard
"Lauderdale County, TN",Lauderdale County,TN,Tennessee,47097,Mississippi Portal
"Laurel County, KY",Laurel County,KY,Kentucky,21125,Eastern Uplands
"Laurens County, GA",Laurens County,GA,Georgia,13175,Southern Seaboard
"Laurens County, SC",Laurens County,SC,South Carolina,45059,Southern Seaboard
"Lavaca County, TX",Lavaca County,TX,Texas,48285,Prairie Gateway
"Lawrence County, AL",Lawrence County,AL,Alabama,1079,Eastern Uplands
"Lawrence County, AR",Lawrence County,AR,Arkansas,5075,Mississippi Portal
"Lawrence County, IL",Lawrence County,IL,Illinois,17101,Heartland
"Lawrence County, IN",Lawrence County,IN,Indiana,18093,Heartland
"Lawrence County, KY",Lawrence County,KY,Kentucky,21127,Eastern Uplands
"Lawrence County, MO",Lawrence County,MO,Missouri,29109,Eastern Uplands
"Lawrence County, MS",Lawrence County,MS,Mississippi,28077,Southern Seaboard
"Lawrence County, OH",Lawrence County,OH,Ohio,39087,Heartland
"Lawrence County, PA",Lawrence County,PA,Pennsylvania,42073,Eastern Uplands
"Lawrence County, SD",Lawrence County,SD,South Dakota,46081,Northern Great Plains
"Lawrence County, TN",Lawrence County,TN,Tennessee,47099,Mississippi Portal
"Le Flore County, OK",Le Flore County,OK,Oklahoma,40079,Eastern Uplands
"Le Sueur County, MN",Le Sueur County,MN,Minnesota,27079,Heartland
"Lea County, NM",Lea County,NM,New Mexico,35025,Prairie Gateway
"Leake County, MS",Leake County,MS,Mississippi,28079,Mississippi Portal
"Leavenworth County, KS",Leavenworth County,KS,Kansas,20103,Prairie Gateway
"Lebanon County, PA",Lebanon County,PA,Pennsylvania,42075,Northern Crescent
"Lee County, AL",Lee County,AL,Alabama,1081,Southern Seaboard
"Lee County, AR",Lee County,AR,Arkansas,5077,Mississippi Portal
"Lee County, FL",Lee County,FL,Florida,12071,Fruitful Rim
"Lee County, GA",Lee County,GA,Georgia,13177,Southern Seaboard
"Lee County, IA",Lee County,IA,Iowa,19111,Heartland
"Lee County, IL",Lee County,IL,Illinois,17103,Heartland
"Lee County, KY",Lee County,KY,Kentucky,21129,Eastern Uplands
"Lee County, MS",Lee County,MS,Mississippi,28081,Mississippi Portal
"Lee County, NC",Lee County,NC,North Carolina,37105,Southern Seaboard
"Lee County, SC",Lee County,SC,South Carolina,45061,Southern Seaboard
"Lee County, TX",Lee County,TX,Texas,48287,Prairie Gateway
"Lee County, VA",Lee County,VA,Virginia,51105,Eastern Uplands
"Leelanau County, MI",Leelanau County,MI,Michigan,26089,Northern Crescent
"Leflore County, MS",Leflore County,MS,Mississippi,28083,Mississippi Portal
"Lehigh County, PA",Lehigh County,PA,Pennsylvania,42077,Northern Crescent
"Lemhi County, ID",Lemhi County,ID,Idaho,16059,Fruitful Rim
"Lenawee County, MI",Lenawee County,MI,Michigan,26091,Northern Crescent
"Lenoir County, NC",Lenoir County,NC,North Carolina,37107,Southern Seaboard
"Leon County, FL",Leon County,FL,Florida,12073,Fruitful Rim
"Leon County, TX",Leon County,TX,Texas,48289,Southern Seaboard
"Leslie County, KY",Leslie County,KY,Kentucky,21131,Eastern Uplands
"Letcher County, KY",Letcher County,KY,Kentucky,21133,Eastern Uplands
"Levy County, FL",Levy County,FL,Florida,12075,Fruitful Rim
"Lewis County, ID",Lewis County,ID,Idaho,16061,Basin and Range
"Lewis County, KY",Lewis County,KY,Kentucky,21135,Eastern Uplands
"Lewis County, MO",Lewis County,MO,Missouri,29111,Heartland
"Lewis County, NY",Lewis County,NY,New York,36049,Northern Crescent
"Lewis County, TN",Lewis County,TN,Tennessee,47101,Mississippi Portal
"Lewis County, WA",Lewis County,WA,Washington,53041,Fruitful Rim
"Lewis County, WV",Lewis County,WV,West Virginia,54041,Eastern Uplands
"Lewis and Clark County, MT",Lewis and Clark County,MT,Montana,30049,Basin and Range
"Lexington City, VA",Lexington City,VA,Virginia,51678,Eastern Uplands
"Lexington County, SC",Lexington County,SC,South Carolina,45063,Southern Seaboard
"Liberty County, FL",Liberty County,FL,Florida,12077,Fruitful Rim
"Liberty County, GA",Liberty County,GA,Georgia,13179,Fruitful Rim
"Liberty County, MT",Liberty County,MT,Montana,30051,Northern Great Plains
"Liberty County, TX",Liberty County,TX,Texas,48291,Fruitful Rim
"Licking County, OH",Licking County,OH,Ohio,39089,Heartland
"Limestone County, AL",Limestone County,AL,Alabama,1083,Eastern Uplands
"Limestone County, TX",Limestone County,TX,Texas,48293,Prairie Gateway
"Lincoln County, AR",Lincoln County,AR,Arkansas,5079,Mississippi Portal
"Lincoln County, CO",Lincoln County,CO,Colorado,8073,Prairie Gateway
"Lincoln County, GA",Lincoln County,GA,Georgia,13181,Southern Seaboard
"Lincoln County, ID",Lincoln County,ID,Idaho,16063,Fruitful Rim
"Lincoln County, KS",Lincoln County,KS,Kansas,20105,Prairie Gateway
"Lincoln County, KY",Lincoln County,KY,Kentucky,21137,Eastern Uplands
"Lincoln County, ME",Lincoln County,ME,Maine,23015,Northern Crescent
"Lincoln County, MN",Lincoln County,MN,Minnesota,27081,Heartland
"Lincoln County, MO",Lincoln County,MO,Missouri,29113,Heartland
"Lincoln County, MS",Lincoln County,MS,Mississippi,28085,Mississippi Portal
"Lincoln County, MT",Lincoln County,MT,Montana,30053,Basin and Range
"Lincoln County, NC",Lincoln County,NC,North Carolina,37109,Southern Seaboard
"Lincoln County, NE",Lincoln County,NE,Nebraska,31111,Prairie Gateway
"Lincoln County, NM",Lincoln County,NM,New Mexico,35027,Prairie Gateway
"Lincoln County, NV",Lincoln County,NV,Nevada,32017,Basin and Range
"Lincoln County, OK",Lincoln County,OK,Oklahoma,40081,Prairie Gateway
"Lincoln County, OR",Lincoln County,OR,Oregon,41041,Fruitful Rim
"Lincoln County, SD",Lincoln County,SD,South Dakota,46083,Heartland
"Lincoln County, TN",Lincoln County,TN,Tennessee,47103,Eastern Uplands
"Lincoln County, WA",Lincoln County,WA,Washington,53043,Fruitful Rim
"Lincoln County, WI",Lincoln County,WI,Wisconsin,55069,Northern Crescent
"Lincoln County, WV",Lincoln County,WV,West Virginia,54043,Eastern Uplands
"Lincoln County, WY",Lincoln County,WY,Wyoming,56023,Basin and Range
"Lincoln Parish, LA",Lincoln Parish,LA,Louisiana,22061,Southern Seaboard
"Linn County, IA",Linn County,IA,Iowa,19113,Heartland
"Linn County, KS",Linn County,KS,Kansas,20107,Prairie Gateway
"Linn County, MO",Linn County,MO,Missouri,29115,Heartland
"Linn County, OR",Linn County,OR,Oregon,41043,Fruitful Rim
"Lipscomb County, TX",Lipscomb County,TX,Texas,48295,Prairie Gateway
"Little River County, AR",Little River County,AR,Arkansas,5081,Eastern Uplands
"Live Oak County, TX",Live Oak County,TX,Texas,48297,Fruitful Rim
"Livingston County, IL",Livingston County,IL,Illinois,17105,Heartland
"Livingston County, KY",Livingston County,KY,Kentucky,21139,Heartland
"Livingston County, MI",Livingston County,MI,Michigan,26093,Northern Crescent
"Livingston County, MO",Livingston County,MO,Missouri,29117,Heartland
"Livingston County, NY",Livingston County,NY,New York,36051,Northern Crescent
"Livingston Parish, LA",Livingston Parish,LA,Louisiana,22063,Mississippi Portal
"Llano County, TX",Llano County,TX,Texas,48299,Prairie Gateway
"Logan County, AR",Logan County,AR,Arkansas,5083,Eastern Uplands
"Logan County, CO",Logan County,CO,Colorado,8075,Northern Great Plains
"Logan County, IL",Logan County,IL,Illinois,17107,Heartland
"Logan County, KS",Logan County,KS,Kansas,20109,Prairie Gateway
"Logan County, KY",Logan County,KY,Kentucky,21141,Heartland
"Logan County, ND",Logan County,ND,North Dakota,38047,Northern Great Plains
"Logan County, NE",Logan County,NE,Nebraska,31113,Northern Great Plains
"Logan County, OH",Logan County,OH,Ohio,39091,Heartland
"Logan County, OK",Logan County,OK,Oklahoma,40083,Prairie Gateway
"Logan County, WV",Logan County,WV,West Virginia,54045,Eastern Uplands
"Long County, GA",Long County,GA,Georgia,13183,Fruitful Rim
"Lonoke County, AR",Lonoke County,AR,Arkansas,5085,Mississippi Portal
"Lorain County, OH",Lorain County,OH,Ohio,39093,Northern Crescent
"Los Alamos County, NM",Los Alamos County,NM,New Mexico,35028,Basin and Range
"Los Angeles County, CA",Los Angeles County,CA,California,6037,Fruitful Rim
"Loudon County, TN",Loudon County,TN,Tennessee,47105,Eastern Uplands
"Loudoun County, VA",Loudoun County,VA,Virginia,51107,Southern Seaboard
"Louisa County, IA",Louisa County,IA,Iowa,19115,Heartland
"Louisa County, VA",Louisa County,VA,Virginia,51109,Southern Seaboard
"Loup County, NE",Loup County,NE,Nebraska,31115,Northern Great Plains
"Love County, OK",Love County,OK,Oklahoma,40085,Prairie Gateway
"Loving County, TX",Loving County,TX,Texas,48301,Fruitful Rim
"Lower Connecticut River Valley Planning Region, CT",Lower Connecticut River Valley Planning Region,CT,Connecticut,9130,
"Lowndes County, AL",Lowndes County,AL,Alabama,1085,Southern Seaboard
"Lowndes County, GA",Lowndes County,GA,Georgia,13185,Southern Seaboard
"Lowndes County, MS",Lowndes County,MS,Mississippi,28087,Mississippi Portal
"Lubbock County, TX",Lubbock County,TX,Texas,48303,Prairie Gateway
"Lucas County, IA",Lucas County,IA,Iowa,19117,Heartland
"Lucas County, OH",Lucas County,OH,Ohio,39095,Heartland
"Luce County, MI",Luce County,MI,Michigan,26095,Northern Crescent
"Lumpkin County, GA",Lumpkin County,GA,Georgia,13187,Southern Seaboard
"Luna County, NM",Luna County,NM,New Mexico,35029,Basin and Range
"Lunenburg County, VA",Lunenburg County,VA,Virginia,51111,Southern Seaboard
"Luzerne County, PA",Luzerne County,PA,Pennsylvania,42079,Northern Crescent
"Lycoming County, PA",Lycoming County,PA,Pennsylvania,42081,Northern Crescent
"Lyman County, SD",Lyman County,SD,South Dakota,46085,Northern Great Plains
"Lynchburg City, VA",Lynchburg City,VA,Virginia,51680,Southern Seaboard
"Lynn County, TX",Lynn County,TX,Texas,48305,Prairie Gateway
"Lyon County, IA",Lyon County,IA,Iowa,19119,Heartland
"Lyon County, KS",Lyon County,KS,Kansas,20111,Prairie Gateway
"Lyon County, KY",Lyon County,KY,Kentucky,21143,Heartland
"Lyon County, MN",Lyon County,MN,Minnesota,27083,Heartland
"Lyon County, NV",Lyon County,NV,Nevada,32019,Basin and Range
"Mackinac County, MI",Mackinac County,MI,Michigan,26097,Northern Crescent
"Macomb County, MI",Macomb County,MI,Michigan,26099,Northern Crescent
"Macon County, AL",Macon County,AL,Alabama,1087,Southern Seaboard
"Macon County, GA",Macon County,GA,Georgia,13193,Southern Seaboard
"Macon County, IL",Macon County,IL,Illinois,17115,Heartland
"Macon County, MO",Macon County,MO,Missouri,29121,Heartland
"Macon County, NC",Macon County,NC,North Carolina,37113,Eastern Uplands
"Macon County, TN",Macon County,TN,Tennessee,47111,Eastern Uplands
"Macoupin County, IL",Macoupin County,IL,Illinois,17117,Heartland
"Madera County, CA",Madera County,CA,California,6039,Fruitful Rim
"Madison County, AL",Madison County,AL,Alabama,1089,Eastern Uplands
"Madison County, AR",Madison County,AR,Arkansas,5087,Eastern Uplands
"Madison County, FL",Madison County,FL,Florida,12079,Fruitful Rim
"Madison County, GA",Madison County,GA,Georgia,13195,Southern Seaboard
"Madison County, IA",Madison County,IA,Iowa,19121,Heartland
"Madison County, ID",Madison County,ID,Idaho,16065,Fruitful Rim
"Madison County, IL",Madison County,IL,Illinois,17119,Heartland
"Madison County, IN",Madison County,IN,Indiana,18095,Heartland
"Madison County, KY",Madison County,KY,Kentucky,21151,Eastern Uplands
"Madison County, MO",Madison County,MO,Missouri,29123,Eastern Uplands
"Madison County, MS",Madison County,MS,Mississippi,28089,Mississippi Portal
"Madison County, MT",Madison County,MT,Montana,30057,Basin and Range
"Madison County, NC",Madison County,NC,North Carolina,37115,Eastern Uplands
"Madison County, NE",Madison County,NE,Nebraska,31119,Heartland
"Madison County, NY",Madison County,NY,New York,36053,Northern Crescent
"Madison County, OH",Madison County,OH,Ohio,39097,Heartland
"Madison County, TN",Madison County,TN,Tennessee,47113,Mississippi Portal
"Madison County, TX",Madison County,TX,Texas,48313,Southern Seaboard
"Madison County, VA",Madison County,VA,Virginia,51113,Southern Seaboard
"Madison Parish, LA",Madison Parish,LA,Louisiana,22065,Mississippi Portal
"Magoffin County, KY",Magoffin County,KY,Kentucky,21153,Eastern Uplands
"Mahaska County, IA",Mahaska County,IA,Iowa,19123,Heartland
"Mahnomen County, MN",Mahnomen County,MN,Minnesota,27087,Northern Great Plains
"Mahoning County, OH",Mahoning County,OH,Ohio,39099,Northern Crescent
"Major County, OK",Major County,OK,Oklahoma,40093,Prairie Gateway
"Malheur County, OR",Malheur County,OR,Oregon,41045,Basin and Range
"Manassas City, VA",Manassas City,VA,Virginia,51683,Southern Seaboard
"Manassas Park City, VA",Manassas Park City,VA,Virginia,51685,Southern Seaboard
"Manatee County, FL",Manatee County,FL,Florida,12081,Fruitful Rim
"Manistee County, MI",Manistee County,MI,Michigan,26101,Northern Crescent
"Manitowoc County, WI",Manitowoc County,WI,Wisconsin,55071,Northern Crescent
"Marathon County, WI",Marathon County,WI,Wisconsin,55073,Northern Crescent
"Marengo County, AL",Marengo County,AL,Alabama,1091,Southern Seaboard
"Maricopa County, AZ",Maricopa County,AZ,Arizona,4013,Fruitful Rim
"Maries County, MO",Maries County,MO,Missouri,29125,Heartland
"Marin County, CA",Marin County,CA,California,6041,Fruitful Rim
"Marinette County, WI",Marinette County,WI,Wisconsin,55075,Northern Crescent
"Marion County, AL",Marion County,AL,Alabama,1093,Southern Seaboard
"Marion County, AR",Marion County,AR,Arkansas,5089,Eastern Uplands
"Marion County, FL",Marion County,FL,Florida,12083,Fruitful Rim
"Marion County, GA",Marion County,GA,Georgia,13197,Southern Seaboard
"Marion County, IA",Marion County,IA,Iowa,19125,Heartland
"Marion County, IL",Marion County,IL,Illinois,17121,Heartland
"Marion County, IN",Marion County,IN,Indiana,18097,Heartland
"Marion County, KS",Marion County,KS,Kansas,20115,Prairie Gateway
"Marion County, KY",Marion County,KY,Kentucky,21155,Eastern Uplands
"Marion County, MO",Marion County,MO,Missouri,29127,Heartland
"Marion County, MS",Marion County,MS,Mississippi,28091,Southern Seaboard
"Marion County, OH",Marion County,OH,Ohio,39101,Heartland
"Marion County, OR",Marion County,OR,Oregon,41047,Fruitful Rim
"Marion County, SC",Marion County,SC,South Carolina,45067,Southern Seaboard
"Marion County, TN",Marion County,TN,Tennessee,47115,Eastern Uplands
"Marion County, TX",Marion County,TX,Texas,48315,Southern Seaboard
"Marion County, WV",Marion County,WV,West Virginia,54049,Eastern Uplands
"Mariposa County, CA",Mariposa County,CA,California,6043,Basin and Range
"Marlboro County, SC",Marlboro County,SC,South Carolina,45069,Southern Seaboard
"Marquette County, MI",Marquette County,MI,Michigan,26103,Northern Crescent
"Marquette County, WI",Marquette County,WI,Wisconsin,55077,Northern Crescent
"Marshall County, AL",Marshall County,AL,Alabama,1095,Eastern Uplands
"Marshall County, IA",Marshall County,IA,Iowa,19127,Heartland
"Marshall County, IL",Marshall County,IL,Illinois,17123,Heartland
"Marshall County, IN",Marshall County,IN,Indiana,18099,Heartland
"Marshall County, KS",Marshall County,KS,Kansas,20117,Prairie Gateway
"Marshall County, KY",Marshall County,KY,Kentucky,21157,Heartland
"Marshall County, MN",Marshall County,MN,Minnesota,27089,Northern Great Plains
"Marshall County, MS",Marshall County,MS,Mississippi,28093,Mississippi Portal
"Marshall County, OK",Marshall County,OK,Oklahoma,40095,Prairie Gateway
"Marshall County, SD",Marshall County,SD,South Dakota,46091,Northern Great Plains
"Marshall County, TN",Marshall County,TN,Tennessee,47117,Eastern Uplands
"Marshall County, WV",Marshall County,WV,West Virginia,54051,Eastern Uplands
"Martin County, FL",Martin County,FL,Florida,12085,Fruitful Rim
"Martin County, IN",Martin County,IN,Indiana,18101,Heartland
"Martin County, KY",Martin County,KY,Kentucky,21159,Eastern Uplands
"Martin County, MN",Martin County,MN,Minnesota,27091,Heartland
"Martin County, NC",Martin County,NC,North Carolina,37117,Southern Seaboard
"Martin County, TX",Martin County,TX,Texas,48317,Prairie Gateway
"Martinsville City, VA",Martinsville City,VA,Virginia,51690,Southern Seaboard
"Mason County, IL",Mason County,IL,Illinois,17125,Heartland
"Mason County, KY",Mason County,KY,Kentucky,21161,Eastern Uplands
"Mason County, MI",Mason County,MI,Michigan,26105,Northern Crescent
"Mason County, TX",Mason County,TX,Texas,48319,Prairie Gateway
"Mason County, WA",Mason County,WA,Washington,53045,Fruitful Rim
"Mason County, WV",Mason County,WV,West Virginia,54053,Eastern Uplands
"Massac County, IL",Massac County,IL,Illinois,17127,Heartland
"Matagorda County, TX",Matagorda County,TX,Texas,48321,Fruitful Rim
"Matanuska-Susitna Borough, AK",Matanuska-Susitna Borough,AK,Alaska,2170,
"Mathews County, VA",Mathews County,VA,Virginia,51115,Southern Seaboard
"Maui County, HI",Maui County,HI,Hawaii,15009,
"Maury County, TN",Maury County,TN,Tennessee,47119,Eastern Uplands
"Maverick County, TX",Maverick County,TX,Texas,48323,Fruitful Rim
"Mayes County, OK",Mayes County,OK,Oklahoma,40097,Eastern Uplands
"McClain County, OK",McClain County,OK,Oklahoma,40087,Prairie Gateway
"McCone County, MT",McCone County,MT,Montana,30055,Northern Great Plains
"McCook County, SD",McCook County,SD,South Dakota,46087,Heartland
"McCormick County, SC",McCormick County,SC,South Carolina,45065,Southern Seaboard
"McCracken County, KY",McCracken County,KY,Kentucky,21145,Heartland
"McCreary County, KY",McCreary County,KY,Kentucky,21147,Eastern Uplands
"McCulloch County, TX",McCulloch County,TX,Texas,48307,Prairie Gateway
"McCurtain County, OK",McCurtain County,OK,Oklahoma,40089,Eastern Uplands
"McDonald County, MO",McDonald County,MO,Missouri,29119,Eastern Uplands
"McDonough County, IL",McDonough County,IL,Illinois,17109,Heartland
"McDowell County, NC",McDowell County,NC,North Carolina,37111,Eastern Uplands
"McDowell County, WV",McDowell County,WV,West Virginia,54047,Eastern Uplands
"McDuffie County, GA",McDuffie County,GA,Georgia,13189,Southern Seaboard
"McHenry County, IL",McHenry County,IL,Illinois,17111,Heartland
"McHenry County, ND",McHenry County,ND,North Dakota,38049,Northern Great Plains
"McIntosh County, GA",McIntosh County,GA,Georgia,13191,Fruitful Rim
"McIntosh County, ND",McIntosh County,ND,North Dakota,38051,Northern Great Plains
"McIntosh County, OK",McIntosh County,OK,Oklahoma,40091,Eastern Uplands
"McKean County, PA",McKean County,PA,Pennsylvania,42083,Northern Crescent
"McKenzie County, ND",McKenzie County,ND,North Dakota,38053,Northern Great Plains
"McKinley County, NM",McKinley County,NM,New Mexico,35031,Basin and Range
"McLean County, IL",McLean County,IL,Illinois,17113,Heartland
"McLean County, KY",McLean County,KY,Kentucky,21149,Heartland
"McLean County, ND",McLean County,ND,North Dakota,38055,Northern Great Plains
"McLennan County, TX",McLennan County,TX,Texas,48309,Prairie Gateway
"McLeod County, MN",McLeod County,MN,Minnesota,27085,Northern Crescent
"McMinn County, TN",McMinn County,TN,Tennessee,47107,Eastern Uplands
"McMullen County, TX",McMullen County,TX,Texas,48311,Fruitful Rim
"McNairy County, TN",McNairy County,TN,Tennessee,47109,Mississippi Portal
"McPherson County, KS",McPherson County,KS,Kansas,20113,Prairie Gateway
"McPherson County, NE",McPherson County,NE,Nebraska,31117,Northern Great Plains
"McPherson County, SD",McPherson County,SD,South Dakota,46089,Northern Great Plains
"Meade County, KS",Meade County,KS,Kansas,20119,Prairie Gateway
"Meade County, KY",Meade County,KY,Kentucky,21163,Eastern Uplands
"Meade County, SD",Meade County,SD,South Dakota,46093,Northern Great Plains
"Meagher County, MT",Meagher County,MT,Montana,30059,Basin and Range
"Mecklenburg County, NC",Mecklenburg County,NC,North Carolina,37119,Southern Seaboard
"Mecklenburg County, VA",Mecklenburg County,VA,Virginia,51117,Southern Seaboard
"Mecosta County, MI",Mecosta County,MI,Michigan,26107,Northern Crescent
"Medina County, OH",Medina County,OH,Ohio,39103,Northern Crescent
"Medina County, TX",Medina County,TX,Texas,48325,Prairie Gateway
"Meeker County, MN",Meeker County,MN,Minnesota,27093,Northern Crescent
"Meigs County, OH",Meigs County,OH,Ohio,39105,Eastern Uplands
"Meigs County, TN",Meigs County,TN,Tennessee,47121,Eastern Uplands
"Mellette County, SD",Mellette County,SD,South Dakota,46095,Northern Great Plains
"Menard County, IL",Menard County,IL,Illinois,17129,Heartland
"Menard County, TX",Menard County,TX,Texas,48327,Prairie Gateway
"Mendocino County, CA",Mendocino County,CA,California,6045,Basin and Range
"Menifee County, KY",Menifee County,KY,Kentucky,21165,Eastern Uplands
"Menominee County, MI",Menominee County,MI,Michigan,26109,Northern Crescent
"Menominee County, WI",Menominee County,WI,Wisconsin,55078,Northern Crescent
"Merced County, CA",Merced County,CA,California,6047,Fruitful Rim
"Mercer County, IL",Mercer County,IL,Illinois,17131,Heartland
"Mercer County, KY",Mercer County,KY,Kentucky,21167,Eastern Uplands
"Mercer County, MO",Mercer County,MO,Missouri,29129,Heartland
"Mercer County, ND",Mercer County,ND,North Dakota,38057,Northern Great Plains
"Mercer County, NJ",Mercer County,NJ,New Jersey,34021,Northern Crescent
"Mercer County, OH",Mercer County,OH,Ohio,39107,Heartland
"Mercer County, PA",Mercer County,PA,Pennsylvania,42085,Northern Crescent
"Mercer County, WV",Mercer County,WV,West Virginia,54055,Eastern Uplands
"Meriwether County, GA",Meriwether County,GA,Georgia,13199,Southern Seaboard
"Merrick County, NE",Merrick County,NE,Nebraska,31121,Heartland
"Merrimack County, NH",Merrimack County,NH,New Hampshire,33013,Northern Crescent
"Mesa County, CO",Mesa County,CO,Colorado,8077,Basin and Range
"Metcalfe County, KY",Metcalfe County,KY,Kentucky,21169,Eastern Uplands
"Miami County, IN",Miami County,IN,Indiana,18103,Heartland
"Miami County, KS",Miami County,KS,Kansas,20121,Prairie Gateway
"Miami County, OH",Miami County,OH,Ohio,39109,Heartland
"Miami-Dade County, FL",Miami-Dade County,FL,Florida,12086,Fruitful Rim
"Middlesex County, MA",Middlesex County,MA,Massachusetts,25017,Northern Crescent
"Middlesex County, NJ",Middlesex County,NJ,New Jersey,34023,Northern Crescent
"Middlesex County, VA",Middlesex County,VA,Virginia,51119,Southern Seaboard
"Midland County, MI",Midland County,MI,Michigan,26111,Northern Crescent
"Midland County, TX",Midland County,TX,Texas,48329,Prairie Gateway
"Mifflin County, PA",Mifflin County,PA,Pennsylvania,42087,Northern Crescent
"Milam County, TX",Milam County,TX,Texas,48331,Prairie Gateway
"Millard County, UT",Millard County,UT,Utah,49027,Basin and Range
"Mille Lacs County, MN",Mille Lacs County,MN,Minnesota,27095,Northern Crescent
"Miller County, AR",Miller County,AR,Arkansas,5091,Eastern Uplands
"Miller County, GA",Miller County,GA,Georgia,13201,Southern Seaboard
"Miller County, MO",Miller County,MO,Missouri,29131,Heartland
"Mills County, IA",Mills County,IA,Iowa,19129,Heartland
"Mills County, TX",Mills County,TX,Texas,48333,Prairie Gateway
"Milwaukee County, WI",Milwaukee County,WI,Wisconsin,55079,Northern Crescent
"Miner County, SD",Miner County,SD,South Dakota,46097,Heartland
"Mineral County, CO",Mineral County,CO,Colorado,8079,Basin and Range
"Mineral County, MT",Mineral County,MT,Montana,30061,Basin and Range
"Mineral County, NV",Mineral County,NV,Nevada,32021,Basin and Range
"Mineral County, WV",Mineral County,WV,West Virginia,54057,Eastern Uplands
"Mingo County, WV",Mingo County,WV,West Virginia,54059,Eastern Uplands
"Minidoka County, ID",Minidoka County,ID,Idaho,16067,Fruitful Rim
"Minnehaha County, SD",Minnehaha County,SD,South Dakota,46099,Heartland
"Missaukee County, MI",Missaukee County,MI,Michigan,26113,Northern Crescent
"Mississippi County, AR",Mississippi County,AR,Arkansas,5093,Mississippi Portal
"Mississippi County, MO",Mississippi County,MO,Missouri,29133,Heartland
"Missoula County, MT",Missoula County,MT,Montana,30063,Basin and Range
"Mitchell County, GA",Mitchell County,GA,Georgia,13205,Southern Seaboard
"Mitchell County, IA",Mitchell County,IA,Iowa,19131,Heartland
"Mitchell County, KS",Mitchell County,KS,Kansas,20123,Prairie Gateway
"Mitchell County, NC",Mitchell County,NC,North Carolina,37121,Eastern Uplands
"Mitchell County, TX",Mitchell County,TX,Texas,48335,Prairie Gateway
"Mobile County, AL",Mobile County,AL,Alabama,1097,Southern Seaboard
"Modoc County, CA",Modoc County,CA,California,6049,Basin and Range
"Moffat County, CO",Moffat County,CO,Colorado,8081,Basin and Range
"Mohave County, AZ",Mohave County,AZ,Arizona,4015,Basin and Range
"Moniteau County, MO",Moniteau County,MO,Missouri,29135,Heartland
"Monmouth County, NJ",Monmouth County,NJ,New Jersey,34025,Northern Crescent
"Mono County, CA",Mono County,CA,California,6051,Basin and Range
"Monona County, IA",Monona County,IA,Iowa,19133,Heartland
"Monongalia County, WV",Monongalia County,WV,West Virginia,54061,Eastern Uplands
"Monroe County, AL",Monroe County,AL,Alabama,1099,Southern Seaboard
"Monroe County, AR",Monroe County,AR,Arkansas,5095,Mississippi Portal
"Monroe County, FL",Monroe County,FL,Florida,12087,Fruitful Rim
"Monroe County, GA",Monroe County,GA,Georgia,13207,Southern Seaboard
"Monroe County, IA",Monroe County,IA,Iowa,19135,Heartland
"Monroe County, IL",Monroe County,IL,Illinois,17133,Heartland
"Monroe County, IN",Monroe County,IN,Indiana,18105,Heartland
"Monroe County, KY",Monroe County,KY,Kentucky,21171,Eastern Uplands
"Monroe County, MI",Monroe County,MI,Michigan,26115,Northern Crescent
"Monroe County, MO",Monroe County,MO,Missouri,29137,Heartland
"Monroe County, MS",Monroe County,MS,Mississippi,28095,Mississippi Portal
"Monroe County, NY",Monroe County,NY,New York,36055,Northern Crescent
"Monroe County, OH",Monroe County,OH,Ohio,39111,Eastern Uplands
"Monroe County, PA",Monroe County,PA,Pennsylvania,42089,Northern Crescent
"Monroe County, TN",Monroe County,TN,Tennessee,47123,Eastern Uplands
"Monroe County, WI",Monroe County,WI,Wisconsin,55081,Northern Crescent
"Monroe County, WV",Monroe County,WV,West Virginia,54063,Eastern Uplands
"Montague County, TX",Montague County,TX,Texas,48337,Prairie Gateway
"Montcalm County, MI",Montcalm County,MI,Michigan,26117,Northern Crescent
"Monterey County, CA",Monterey County,CA,California,6053,Fruitful Rim
"Montezuma County, CO",Montezuma County,CO,Colorado,8083,Basin and Range
"Montgomery County, AL",Montgomery County,AL,Alabama,1101,Southern Seaboard
"Montgomery County, AR",Montgomery County,AR,Arkansas,5097,Eastern Uplands
"Montgomery County, GA",Montgomery County,GA,Georgia,13209,Southern Seaboard
"Montgomery County, IA",Montgomery County,IA,Iowa,19137,Heartland
"Montgomery County, IL",Montgomery County,IL,Illinois,17135,Heartland
"Montgomery County, IN",Montgomery County,IN,Indiana,18107,Heartland
"Montgomery County, KS",Montgomery County,KS,Kansas,20125,Prairie Gateway
"Montgomery County, KY",Montgomery County,KY,Kentucky,21173,Eastern Uplands
"Montgomery County, MD",Montgomery County,MD,Maryland,24031,Northern Crescent
"Montgomery County, MO",Montgomery County,MO,Missouri,29139,Heartland
"Montgomery County, MS",Montgomery County,MS,Mississippi,28097,Mississippi Portal
"Montgomery County, NC",Montgomery County,NC,North Carolina,37123,Southern Seaboard
"Montgomery County, NY",Montgomery County,NY,New York,36057,Northern Crescent
"Montgomery County, OH",Montgomery County,OH,Ohio,39113,Heartland
"Montgomery County, PA",Montgomery County,PA,Pennsylvania,42091,Northern Crescent
"Montgomery County, TN",Montgomery County,TN,Tennessee,47125,Mississippi Portal
"Montgomery County, TX",Montgomery County,TX,Texas,48339,Southern Seaboard
"Montgomery County, VA",Montgomery County,VA,Virginia,51121,Eastern Uplands
"Montmorency County, MI",Montmorency County,MI,Michigan,26119,Northern Crescent
"Montour County, PA",Montour County,PA,Pennsylvania,42093,Northern Crescent
"Montrose County, CO",Montrose County,CO,Colorado,8085,Basin and Range
"Moody County, SD",Moody County,SD,South Dakota,46101,Heartland
"Moore County, NC",Moore County,NC,North Carolina,37125,Southern Seaboard
"Moore County, TN",Moore County,TN,Tennessee,47127,Eastern Uplands
"Moore County, TX",Moore County,TX,Texas,48341,Prairie Gateway
"Mora County, NM",Mora County,NM,New Mexico,35033,Prairie Gateway
"Morehouse Parish, LA",Morehouse Parish,LA,Louisiana,22067,Mississippi Portal
"Morgan County, AL",Morgan County,AL,Alabama,1103,Eastern Uplands
"Morgan County, CO",Morgan County,CO,Colorado,8087,Northern Great Plains
"Morgan County, GA",Morgan County,GA,Georgia,13211,Southern Seaboard
"Morgan County, IL",Morgan County,IL,Illinois,17137,Heartland
"Morgan County, IN",Morgan County,IN,Indiana,18109,Heartland
"Morgan County, KY",Morgan County,KY,Kentucky,21175,Eastern Uplands
"Morgan County, MO",Morgan County,MO,Missouri,29141,Heartland
"Morgan County, OH",Morgan County,OH,Ohio,39115,Eastern Uplands
"Morgan County, TN",Morgan County,TN,Tennessee,47129,Eastern Uplands
"Morgan County, UT",Morgan County,UT,Utah,49029,Basin and Range
"Morgan County, WV",Morgan County,WV,West Virginia,54065,Eastern Uplands
"Morrill County, NE",Morrill County,NE,Nebraska,31123,Northern Great Plains
"Morris County, KS",Morris County,KS,Kansas,20127,Prairie Gateway
"Morris County, NJ",Morris County,NJ,New Jersey,34027,Northern Crescent
"Morris County, TX",Morris County,TX,Texas,48343,Southern Seaboard
"Morrison County, MN",Morrison County,MN,Minnesota,27097,Northern Crescent
"Morrow County, OH",Morrow County,OH,Ohio,39117,Heartland
"Morrow County, OR",Morrow County,OR,Oregon,41049,Basin and Range
"Morton County, KS",Morton County,KS,Kansas,20129,Prairie Gateway
"Morton County, ND",Morton County,ND,North Dakota,38059,Northern Great Plains
"Motley County, TX",Motley County,TX,Texas,48345,Prairie Gateway
"Moultrie County, IL",Moultrie County,IL,Illinois,17139,Heartland
"Mountrail County, ND",Mountrail County,ND,North Dakota,38061,Northern Great Plains
"Mower County, MN",Mower County,MN,Minnesota,27099,Heartland
"Muhlenberg County, KY",Muhlenberg County,KY,Kentucky,21177,Heartland
"Multnomah County, OR",Multnomah County,OR,Oregon,41051,Fruitful Rim
"Murray County, GA",Murray County,GA,Georgia,13213,Eastern Uplands
"Murray County, MN",Murray County,MN,Minnesota,27101,Heartland
"Murray County, OK",Murray County,OK,Oklahoma,40099,Prairie Gateway
"Muscatine County, IA",Muscatine County,IA,Iowa,19139,Heartland
"Muscogee County, GA",Muscogee County,GA,Georgia,13215,Southern Seaboard
"Muskegon County, MI",Muskegon County,MI,Michigan,26121,Northern Crescent
"Muskingum County, OH",Muskingum County,OH,Ohio,39119,Eastern Uplands
"Muskogee County, OK",Muskogee County,OK,Oklahoma,40101,Eastern Uplands
"Musselshell County, MT",Musselshell County,MT,Montana,30065,Basin and Range
"Nacogdoches County, TX",Nacogdoches County,TX,Texas,48347,Southern Seaboard
"Nance County, NE",Nance County,NE,Nebraska,31125,Heartland
"Nantucket County, MA",Nantucket County,MA,Massachusetts,25019,Northern Crescent
"Napa County, CA",Napa County,CA,California,6055,Fruitful Rim
"Nash County, NC",Nash County,NC,North Carolina,37127,Southern Seaboard
"Nassau County, FL",Nassau County,FL,Florida,12089,Fruitful Rim
"Nassau County, NY",Nassau County,NY,New York,36059,Northern Crescent
"Natchitoches Parish, LA",Natchitoches Parish,LA,Louisiana,22069,Southern Seaboard
"Natrona County, WY",Natrona County,WY,Wyoming,56025,Basin and Range
"Naugatuck Valley Planning Region, CT",Naugatuck Valley Planning Region,CT,Connecticut,9140,
"Navajo County, AZ",Navajo County,AZ,Arizona,4017,Fruitful Rim
"Navarro County, TX",Navarro County,TX,Texas,48349,Prairie Gateway
"Nelson County, KY",Nelson County,KY,Kentucky,21179,Eastern Uplands
"Nelson County, ND",Nelson County,ND,North Dakota,38063,Northern Great Plains
"Nelson County, VA",Nelson County,VA,Virginia,51125,Southern Seaboard
"Nemaha County, KS",Nemaha County,KS,Kansas,20131,Prairie Gateway
"Nemaha County, NE",Nemaha County,NE,Nebraska,31127,Prairie Gateway
"Neosho County, KS",Neosho County,KS,Kansas,20133,Prairie Gateway
"Neshoba County, MS",Neshoba County,MS,Mississippi,28099,Mississippi Portal
"Ness County, KS",Ness County,KS,Kansas,20135,Prairie Gateway
"Nevada County, AR",Nevada County,AR,Arkansas,5099,Southern Seaboard
"Nevada County, CA",Nevada County,CA,California,6057,Basin and Range
"New Castle County, DE",New Castle County,DE,Delaware,10003,Southern Seaboard
"New Hanover County, NC",New Hanover County,NC,North Carolina,37129,Southern Seaboard
"New Kent County, VA",New Kent County,VA,Virginia,51127,Southern Seaboard
"New Madrid County, MO",New Madrid County,MO,Missouri,29143,Heartland
"New York County, NY",New York County,NY,New York,36061,Northern Crescent
"Newaygo County, MI",Newaygo County,MI,Michigan,26123,Northern Crescent
"Newberry County, SC",Newberry County,SC,South Carolina,45071,Southern Seaboard
"Newport County, RI",Newport County,RI,Rhode Island,44005,Northern Crescent
"Newport News City, VA",Newport News City,VA,Virginia,51700,Southern Seaboard
"Newton County, AR",Newton County,AR,Arkansas,5101,Eastern Uplands
"Newton County, GA",Newton County,GA,Georgia,13217,Southern Seaboard
"Newton County, IN",Newton County,IN,Indiana,18111,Heartland
"Newton County, MO",Newton County,MO,Missouri,29145,Eastern Uplands
"Newton County, MS",Newton County,MS,Mississippi,28101,Southern Seaboard
"Newton County, TX",Newton County,TX,Texas,48351,Southern Seaboard
"Nez Perce County, ID",Nez Perce County,ID,Idaho,16069,Basin and Range
"Niagara County, NY",Niagara County,NY,New York,36063,Northern Crescent
"Nicholas County, KY",Nicholas County,KY,Kentucky,21181,Eastern Uplands
"Nicholas County, WV",Nicholas County,WV,West Virginia,54067,Eastern Uplands
"Nicollet County, MN",Nicollet County,MN,Minnesota,27103,Heartland
"Niobrara County, WY",Niobrara County,WY,Wyoming,56027,Northern Great Plains
"Noble County, IN",Noble County,IN,Indiana,18113,Heartland
"Noble County, OH",Noble County,OH,Ohio,39121,Eastern Uplands
"Noble County, OK",Noble County,OK,Oklahoma,40103,Prairie Gateway
"Nobles County, MN",Nobles County,MN,Minnesota,27105,Heartland
"Nodaway County, MO",Nodaway County,MO,Missouri,29147,Heartland
"Nolan County, TX",Nolan County,TX,Texas,48353,Prairie Gateway
"Nome Census Area, AK",Nome Census Area,AK,Alaska,2180,
"Norfolk City, VA",Norfolk City,VA,Virginia,51710,Southern Seaboard
"Norfolk County, MA",Norfolk County,MA,Massachusetts,25021,Northern Crescent
"Norman County, MN",Norman County,MN,Minnesota,27107,Northern Great Plains
"North Slope Borough, AK",North Slope Borough,AK,Alaska,2185,
"Northampton County, NC",Northampton County,NC,North Carolina,37131,Southern Seaboard
"Northampton County, PA",Northampton County,PA,Pennsylvania,42095,Northern Crescent
"Northampton County, VA",Northampton County,VA,Virginia,51131,Southern Seaboard
"Northeastern Connecticut Planning Region, CT",Northeastern Connecticut Planning Region,CT,Connecticut,9150,
"Northumberland County, PA",Northumberland County,PA,Pennsylvania,42097,Northern Crescent
"Northumberland County, VA",Northumberland County,VA,Virginia,51133,Southern Seaboard
"Northwest Arctic Borough, AK",Northwest Arctic Borough,AK,Alaska,2188,
"Northwest Hills Planning Region, CT",Northwest Hills Planning Region,CT,Connecticut,9160,
"Norton City, VA",Norton City,VA,Virginia,51720,Eastern Uplands
"Norton County, KS",Norton County,KS,Kansas,20137,Prairie Gateway
"Nottoway County, VA",Nottoway County,VA,Virginia,51135,Southern Seaboard
"Nowata County, OK",Nowata County,OK,Oklahoma,40105,Eastern Uplands
"Noxubee County, MS",Noxubee County,MS,Mississippi,28103,Mississippi Portal
"Nuckolls County, NE",Nuckolls County,NE,Nebraska,31129,Prairie Gateway
"Nueces County, TX",Nueces County,TX,Texas,48355,Fruitful Rim
"Nye County, NV",Nye County,NV,Nevada,32023,Basin and Range
"O'Brien County, IA",O'Brien County,IA,Iowa,19141,Heartland
"Oakland County, MI",Oakland County,MI,Michigan,26125,Northern Crescent
"Obion County, TN",Obion County,TN,Tennessee,47131,Mississippi Portal
"Ocean County, NJ",Ocean County,NJ,New Jersey,34029,Northern Crescent
"Oceana County, MI",Oceana County,MI,Michigan,26127,Northern Crescent
"Ochiltree County, TX",Ochiltree County,TX,Texas,48357,Prairie Gateway
"Oconee County, GA",Oconee County,GA,Georgia,13219,Southern Seaboard
"Oconee County, SC",Oconee County,SC,South Carolina,45073,Southern Seaboard
"Oconto County, WI",Oconto County,WI,Wisconsin,55083,Northern Crescent
"Ogemaw County, MI",Ogemaw County,MI,Michigan,26129,Northern Crescent
"Oglala Lakota County, SD",Oglala Lakota County,SD,South Dakota,46102,
"Ogle County, IL",Ogle County,IL,Illinois,17141,Heartland
"Oglethorpe County, GA",Oglethorpe County,GA,Georgia,13221,Southern Seaboard
"Ohio County, IN",Ohio County,IN,Indiana,18115,Heartland
"Ohio County, KY",Ohio County,KY,Kentucky,21183,Heartland
"Ohio County, WV",Ohio County,WV,West Virginia,54069,Eastern Uplands
"Okaloosa County, FL",Okaloosa County,FL,Florida,12091,Fruitful Rim
"Okanogan County, WA",Okanogan County,WA,Washington,53047,Fruitful Rim
"Okeechobee County, FL",Okeechobee County,FL,Florida,12093,Fruitful Rim
"Okfuskee County, OK",Okfuskee County,OK,Oklahoma,40107,Prairie Gateway
"Oklahoma County, OK",Oklahoma County,OK,Oklahoma,40109,Prairie Gateway
"Okmulgee County, OK",Okmulgee County,OK,Oklahoma,40111,Eastern Uplands
"Oktibbeha County, MS",Oktibbeha County,MS,Mississippi,28105,Mississippi Portal
"Oldham County, KY",Oldham County,KY,Kentucky,21185,Eastern Uplands
"Oldham County, TX",Oldham County,TX,Texas,48359,Prairie Gateway
"Oliver County, ND",Oliver County,ND,North Dakota,38065,Northern Great Plains
"Olmsted County, MN",Olmsted County,MN,Minnesota,27109,Heartland
"Oneida County, ID",Oneida County,ID,Idaho,16071,Fruitful Rim
"Oneida County, NY",Oneida County,NY,New York,36065,Northern Crescent
"Oneida County, WI",Oneida County,WI,Wisconsin,55085,Northern Crescent
"Onondaga County, NY",Onondaga County,NY,New York,36067,Northern Crescent
"Onslow County, NC",Onslow County,NC,North Carolina,37133,Southern Seaboard
"Ontario County, NY",Ontario County,NY,New York,36069,Northern Crescent
"Ontonagon County, MI",Ontonagon County,MI,Michigan,26131,Northern Crescent
"Orange County, CA",Orange County,CA,California,6059,Fruitful Rim
"Orange County, FL",Orange County,FL,Florida,12095,Fruitful Rim
"Orange County, IN",Orange County,IN,Indiana,18117,Heartland
"Orange County, NC",Orange County,NC,North Carolina,37135,Southern Seaboard
"Orange County, NY",Orange County,NY,New York,36071,Northern Crescent
"Orange County, TX",Orange County,TX,Texas,48361,Fruitful Rim
"Orange County, VA",Orange County,VA,Virginia,51137,Southern Seaboard
"Orange County, VT",Orange County,VT,Vermont,50017,Northern Crescent
"Orangeburg County, SC",Orangeburg County,SC,South Carolina,45075,Southern Seaboard
"Oregon County, MO",Oregon County,MO,Missouri,29149,Eastern Uplands
"Orleans County, NY",Orleans County,NY,New York,36073,Northern Crescent
"Orleans County, VT",Orleans County,VT,Vermont,50019,Northern Crescent
"Orleans Parish, LA",Orleans Parish,LA,Louisiana,22071,Mississippi Portal
"Osage County, KS",Osage County,KS,Kansas,20139,Prairie Gateway
"Osage County, MO",Osage County,MO,Missouri,29151,Heartland
"Osage County, OK",Osage County,OK,Oklahoma,40113,Eastern Uplands
"Osborne County, KS",Osborne County,KS,Kansas,20141,Prairie Gateway
"Osceola County, FL",Osceola County,FL,Florida,12097,Fruitful Rim
"Osceola County, IA",Osceola County,IA,Iowa,19143,Heartland
"Osceola County, MI",Osceola County,MI,Michigan,26133,Northern Crescent
"Oscoda County, MI",Oscoda County,MI,Michigan,26135,Northern Crescent
"Oswego County, NY",Oswego County,NY,New York,36075,Northern Crescent
"Otero County, CO",Otero County,CO,Colorado,8089,Prairie Gateway
"Otero County, NM",Otero County,NM,New Mexico,35035,Prairie Gateway
"Otoe County, NE",Otoe County,NE,Nebraska,31131,Prairie Gateway
"Otsego County, MI",Otsego County,MI,Michigan,26137,Northern Crescent
"Otsego County, NY",Otsego County,NY,New York,36077,Northern Crescent
"Ottawa County, KS",Ottawa County,KS,Kansas,20143,Prairie Gateway
"Ottawa County, MI",Ottawa County,MI,Michigan,26139,Northern Crescent
"Ottawa County, OH",Ottawa County,OH,Ohio,39123,Northern Crescent
"Ottawa County, OK",Ottawa County,OK,Oklahoma,40115,Eastern Uplands
"Otter Tail County, MN",Otter Tail County,MN,Minnesota,27111,Heartland
"Ouachita County, AR",Ouachita County,AR,Arkansas,5103,Southern Seaboard
"Ouachita Parish, LA",Ouachita Parish,LA,Louisiana,22073,Southern Seaboard
"Ouray County, CO",Ouray County,CO,Colorado,8091,Basin and Range
"Outagamie County, WI",Outagamie County,WI,Wisconsin,55087,Northern Crescent
"Overton County, TN",Overton County,TN,Tennessee,47133,Eastern Uplands
"Owen County, IN",Owen County,IN,Indiana,18119,Heartland
"Owen County, KY",Owen County,KY,Kentucky,21187,Eastern Uplands
"Owsley County, KY",Owsley County,KY,Kentucky,21189,Eastern Uplands
"Owyhee County, ID",Owyhee County,ID,Idaho,16073,Fruitful Rim
"Oxford County, ME",Oxford County,ME,Maine,23017,Northern Crescent
"Ozark County, MO",Ozark County,MO,Missouri,29153,Eastern Uplands
"Ozaukee County, WI",Ozaukee County,WI,Wisconsin,55089,Northern Crescent
"Pacific County, WA",Pacific County,WA,Washington,53049,Fruitful Rim
"Page County, IA",Page County,IA,Iowa,19145,Heartland
"Page County, VA",Page County,VA,Virginia,51139,Southern Seaboard
"Palm Beach County, FL",Palm Beach County,FL,Florida,12099,Fruitful Rim
"Palo Alto County, IA",Palo Alto County,IA,Iowa,19147,Heartland
"Palo Pinto County, TX",Palo Pinto County,TX,Texas,48363,Prairie Gateway
"Pamlico County, NC",Pamlico County,NC,North Carolina,37137,Southern Seaboard
"Panola County, MS",Panola County,MS,Mississippi,28107,Mississippi Portal
"Panola County, TX",Panola County,TX,Texas,48365,Southern Seaboard
"Park County, CO",Park County,CO,Colorado,8093,Basin and Range
"Park County, MT",Park County,MT,Montana,30067,Basin and Range
"Park County, WY",Park County,WY,Wyoming,56029,Basin and Range
"Parke County, IN",Parke County,IN,Indiana,18121,Heartland
"Parker County, TX",Parker County,TX,Texas,48367,Prairie Gateway
"Parmer County, TX",Parmer County,TX,Texas,48369,Prairie Gateway
"Pasco County, FL",Pasco County,FL,Florida,12101,Fruitful Rim
"Pasquotank County, NC",Pasquotank County,NC,North Carolina,37139,Southern Seaboard
"Passaic County, NJ",Passaic County,NJ,New Jersey,34031,Northern Crescent
"Patrick County, VA",Patrick County,VA,Virginia,51141,Southern Seaboard
"Paulding County, GA",Paulding County,GA,Georgia,13223,Eastern Uplands
"Paulding County, OH",Paulding County,OH,Ohio,39125,Heartland
"Pawnee County, KS",Pawnee County,KS,Kansas,20145,Prairie Gateway
"Pawnee County, NE",Pawnee County,NE,Nebraska,31133,Prairie Gateway
"Pawnee County, OK",Pawnee County,OK,Oklahoma,40117,Eastern Uplands
"Payette County, ID",Payette County,ID,Idaho,16075,Fruitful Rim
"Payne County, OK",Payne County,OK,Oklahoma,40119,Prairie Gateway
"Peach County, GA",Peach County,GA,Georgia,13225,Southern Seaboard
"Pearl River County, MS",Pearl River County,MS,Mississippi,28109,Southern Seaboard
"Pecos County, TX",Pecos County,TX,Texas,48371,Fruitful Rim
"Pembina County, ND",Pembina County,ND,North Dakota,38067,Northern Great Plains
"Pemiscot County, MO",Pemiscot County,MO,Missouri,29155,Heartland
"Pend Oreille County, WA",Pend Oreille County,WA,Washington,53051,Basin and Range
"Pender County, NC",Pender County,NC,North Carolina,37141,Southern Seaboard
"Pendleton County, KY",Pendleton County,KY,Kentucky,21191,Eastern Uplands
"Pendleton County, WV",Pendleton County,WV,West Virginia,54071,Eastern Uplands
"Pennington County, MN",Pennington County,MN,Minnesota,27113,Northern Great Plains
"Pennington County, SD",Pennington County,SD,South Dakota,46103,Northern Great Plains
"Penobscot County, ME",Penobscot County,ME,Maine,23019,Northern Crescent
"Peoria County, IL",Peoria County,IL,Illinois,17143,Heartland
"Pepin County, WI",Pepin County,WI,Wisconsin,55091,Northern Crescent
"Perkins County, NE",Perkins County,NE,Nebraska,31135,Prairie Gateway
"Perkins County, SD",Perkins County,SD,South Dakota,46105,Northern Great Plains
"Perquimans County, NC",Perquimans County,NC,North Carolina,37143,Southern Seaboard
"Perry County, AL",Perry County,AL,Alabama,1105,Southern Seaboard
"Perry County, AR",Perry County,AR,Arkansas,5105,Eastern Uplands
"Perry County, IL",Perry County,IL,Illinois,17145,Heartland
"Perry County, IN",Perry County,IN,Indiana,18123,Heartland
"Perry County, KY",Perry County,KY,Kentucky,21193,Eastern Uplands
"Perry County, MO",Perry County,MO,Missouri,29157,Heartland
"Perry County, MS",Perry County,MS,Mississippi,28111,Southern Seaboard
"Perry County, OH",Perry County,OH,Ohio,39127,Eastern Uplands
"Perry County, PA",Perry County,PA,Pennsylvania,42099,Northern Crescent
"Perry County, TN",Perry County,TN,Tennessee,47135,Mississippi Portal
"Pershing County, NV",Pershing County,NV,Nevada,32027,Basin and Range
"Person County, NC",Person County,NC,North Carolina,37145,Southern Seaboard
"Petersburg Borough, AK",Petersburg Borough,AK,Alaska,2195,
"Petersburg City, VA",Petersburg City,VA,Virginia,51730,Southern Seaboard
"Petroleum County, MT",Petroleum County,MT,Montana,30069,Basin and Range
"Pettis County, MO",Pettis County,MO,Missouri,29159,Heartland
"Phelps County, MO",Phelps County,MO,Missouri,29161,Heartland
"Phelps County, NE",Phelps County,NE,Nebraska,31137,Prairie Gateway
"Philadelphia County, PA",Philadelphia County,PA,Pennsylvania,42101,Northern Crescent
"Phillips County, AR",Phillips County,AR,Arkansas,5107,Mississippi Portal
"Phillips County, CO",Phillips County,CO,Colorado,8095,Prairie Gateway
"Phillips County, KS",Phillips County,KS,Kansas,20147,Prairie Gateway
"Phillips County, MT",Phillips County,MT,Montana,30071,Northern Great Plains
"Piatt County, IL",Piatt County,IL,Illinois,17147,Heartland
"Pickaway County, OH",Pickaway County,OH,Ohio,39129,Heartland
"Pickens County, AL",Pickens County,AL,Alabama,1107,Southern Seaboard
"Pickens County, GA",Pickens County,GA,Georgia,13227,Southern Seaboard
"Pickens County, SC",Pickens County,SC,South Carolina,45077,Southern Seaboard
"Pickett County, TN",Pickett County,TN,Tennessee,47137,Eastern Uplands
"Pierce County, GA",Pierce County,GA,Georgia,13229,Fruitful Rim
"Pierce County, ND",Pierce County,ND,North Dakota,38069,Northern Great Plains
"Pierce County, NE",Pierce County,NE,Nebraska,31139,Heartland
"Pierce County, WA",Pierce County,WA,Washington,53053,Fruitful Rim
"Pierce County, WI",Pierce County,WI,Wisconsin,55093,Northern Crescent
"Pike County, AL",Pike County,AL,Alabama,1109,Southern Seaboard
"Pike County, AR",Pike County,AR,Arkansas,5109,Eastern Uplands
"Pike County, GA",Pike County,GA,Georgia,13231,Southern Seaboard
"Pike County, IL",Pike County,IL,Illinois,17149,Heartland
"Pike County, IN",Pike County,IN,Indiana,18125,Heartland
"Pike County, KY",Pike County,KY,Kentucky,21195,Eastern Uplands
"Pike County, MO",Pike County,MO,Missouri,29163,Heartland
"Pike County, MS",Pike County,MS,Mississippi,28113,Southern Seaboard
"Pike County, OH",Pike County,OH,Ohio,39131,Heartland
"Pike County, PA",Pike County,PA,Pennsylvania,42103,Northern Crescent
"Pima County, AZ",Pima County,AZ,Arizona,4019,Fruitful Rim
"Pinal County, AZ",Pinal County,AZ,Arizona,4021,Fruitful Rim
"Pine County, MN",Pine County,MN,Minnesota,27115,Northern Crescent
"Pinellas County, FL",Pinellas County,FL,Florida,12103,Fruitful Rim
"Pipestone County, MN",Pipestone County,MN,Minnesota,27117,Heartland
"Piscataquis County, ME",Piscataquis County,ME,Maine,23021,Northern Crescent
"Pitkin County, CO",Pitkin County,CO,Colorado,8097,Basin and Range
"Pitt County, NC",Pitt County,NC,North Carolina,37147,Southern Seaboard
"Pittsburg County, OK",Pittsburg County,OK,Oklahoma,40121,Eastern Uplands
"Pittsylvania County, VA",Pittsylvania County,VA,Virginia,51143,Southern Seaboard
"Piute County, UT",Piute County,UT,Utah,49031,Basin and Range
"Placer County, CA",Placer County,CA,California,6061,Basin and Range
"Plaquemines Parish, LA",Plaquemines Parish,LA,Louisiana,22075,Mississippi Portal
"Platte County, MO",Platte County,MO,Missouri,29165,Heartland
"Platte County, NE",Platte County,NE,Nebraska,31141,Heartland
"Platte County, WY",Platte County,WY,Wyoming,56031,Northern Great Plains
"Pleasants County, WV",Pleasants County,WV,West Virginia,54073,Eastern Uplands
"Plumas County, CA",Plumas County,CA,California,6063,Basin and Range
"Plymouth County, IA",Plymouth County,IA,Iowa,19149,Heartland
"Plymouth County, MA",Plymouth County,MA,Massachusetts,25023,Northern Crescent
"Pocahontas County, IA",Pocahontas County,IA,Iowa,19151,Heartland
"Pocahontas County, WV",Pocahontas County,WV,West Virginia,54075,Eastern Uplands
"Poinsett County, AR",Poinsett County,AR,Arkansas,5111,Mississippi Portal
"Pointe Coupee Parish, LA",Pointe Coupee Parish,LA,Louisiana,22077,Mississippi Portal
"Polk County, AR",Polk County,AR,Arkansas,5113,Eastern Uplands
"Polk County, FL",Polk County,FL,Florida,12105,Fruitful Rim
"Polk County, GA",Polk County,GA,Georgia,13233,Eastern Uplands
"Polk County, IA",Polk County,IA,Iowa,19153,Heartland
"Polk County, MN",Polk County,MN,Minnesota,27119,Northern Great Plains
"Polk County, MO",Polk County,MO,Missouri,29167,Heartland
"Polk County, NC",Polk County,NC,North Carolina,37149,Eastern Uplands
"Polk County, NE",Polk County,NE,Nebraska,31143,Heartland
"Polk County, OR",Polk County,OR,Oregon,41053,Fruitful Rim
"Polk County, TN",Polk County,TN,Tennessee,47139,Eastern Uplands
"Polk County, TX",Polk County,TX,Texas,48373,Southern Seaboard
"Polk County, WI",Polk County,WI,Wisconsin,55095,Northern Crescent
"Pondera County, MT",Pondera County,MT,Montana,30073,Northern Great Plains
"Pontotoc County, MS",Pontotoc County,MS,Mississippi,28115,Mississippi Portal
"Pontotoc County, OK",Pontotoc County,OK,Oklahoma,40123,Prairie Gateway
"Pope County, AR",Pope County,AR,Arkansas,5115,Eastern Uplands
"Pope County, IL",Pope County,IL,Illinois,17151,Heartland
"Pope County, MN",Pope County,MN,Minnesota,27121,Heartland
"Poquoson City, VA",Poquoson City,VA,Virginia,51735,Southern Seaboard
"Portage County, OH",Portage County,OH,Ohio,39133,Northern Crescent
"Portage County, WI",Portage County,WI,Wisconsin,55097,Northern Crescent
"Porter County, IN",Porter County,IN,Indiana,18127,Heartland
"Portsmouth City, VA",Portsmouth City,VA,Virginia,51740,Southern Seaboard
"Posey County, IN",Posey County,IN,Indiana,18129,Heartland
"Pottawatomie County, KS",Pottawatomie County,KS,Kansas,20149,Prairie Gateway
"Pottawatomie County, OK",Pottawatomie County,OK,Oklahoma,40125,Prairie Gateway
"Pottawattamie County, IA",Pottawattamie County,IA,Iowa,19155,Heartland
"Potter County, PA",Potter County,PA,Pennsylvania,42105,Northern Crescent
"Potter County, SD",Potter County,SD,South Dakota,46107,Northern Great Plains
"Potter County, TX",Potter County,TX,Texas,48375,Prairie Gateway
"Powder River County, MT",Powder River County,MT,Montana,30075,Northern Great Plains
"Powell County, KY",Powell County,KY,Kentucky,21197,Eastern Uplands
"Powell County, MT",Powell County,MT,Montana,30077,Basin and Range
"Power County, ID",Power County,ID,Idaho,16077,Fruitful Rim
"Poweshiek County, IA",Poweshiek County,IA,Iowa,19157,Heartland
"Powhatan County, VA",Powhatan County,VA,Virginia,51145,Southern Seaboard
"Prairie County, AR",Prairie County,AR,Arkansas,5117,Mississippi Portal
"Prairie County, MT",Prairie County,MT,Montana,30079,Northern Great Plains
"Pratt County, KS",Pratt County,KS,Kansas,20151,Prairie Gateway
"Preble County, OH",Preble County,OH,Ohio,39135,Heartland
"Prentiss County, MS",Prentiss County,MS,Mississippi,28117,Mississippi Portal
"Presidio County, TX",Presidio County,TX,Texas,48377,Fruitful Rim
"Presque Isle County, MI",Presque Isle County,MI,Michigan,26141,Northern Crescent
"Preston County, WV",Preston County,WV,West Virginia,54077,Eastern Uplands
"Price County, WI",Price County,WI,Wisconsin,55099,Northern Crescent
"Prince Edward County, VA",Prince Edward County,VA,Virginia,51147,Southern Seaboard
"Prince George County, VA",Prince George County,VA,Virginia,51149,Southern Seaboard
"Prince George's County, MD",Prince George's County,MD,Maryland,24033,Southern Seaboard
"Prince William County, VA",Prince William County,VA,Virginia,51153,Southern Seaboard
"Prince of Wales-Hyder Census Area, AK",Prince of Wales-Hyder Census Area,AK,Alaska,2198,
"Providence County, RI",Providence County,RI,Rhode Island,44007,Northern Crescent
"Prowers County, CO",Prowers County,CO,Colorado,8099,Prairie Gateway
"Pueblo County, CO",Pueblo County,CO,Colorado,8101,Prairie Gateway
"Pulaski County, AR",Pulaski County,AR,Arkansas,5119,Eastern Uplands
"Pulaski County, GA",Pulaski County,GA,Georgia,13235,Southern Seaboard
"Pulaski County, IL",Pulaski County,IL,Illinois,17153,Heartland
"Pulaski County, IN",Pulaski County,IN,Indiana,18131,Heartland
"Pulaski County, KY",Pulaski County,KY,Kentucky,21199,Eastern Uplands
"Pulaski County, MO",Pulaski County,MO,Missouri,29169,Heartland
"Pulaski County, VA",Pulaski County,VA,Virginia,51155,Eastern Uplands
"Pushmataha County, OK",Pushmataha County,OK,Oklahoma,40127,Eastern Uplands
"Putnam County, FL",Putnam County,FL,Florida,12107,Fruitful Rim
"Putnam County, GA",Putnam County,GA,Georgia,13237,Southern Seaboard
"Putnam County, IL",Putnam County,IL,Illinois,17155,Heartland
"Putnam County, IN",Putnam County,IN,Indiana,18133,Heartland
"Putnam County, MO",Putnam County,MO,Missouri,29171,Heartland
"Putnam County, NY",Putnam County,NY,New York,36079,Northern Crescent
"Putnam County, OH",Putnam County,OH,Ohio,39137,Heartland
"Putnam County, TN",Putnam County,TN,Tennessee,47141,Eastern Uplands
"Putnam County, WV",Putnam County,WV,West Virginia,54079,Eastern Uplands
"Quay County, NM",Quay County,NM,New Mexico,35037,Prairie Gateway
"Queen Anne's County, MD",Queen Anne's County,MD,Maryland,24035,Southern Seaboard
"Queens County, NY",Queens County,NY,New York,36081,Northern Crescent
"Quitman County, GA",Quitman County,GA,Georgia,13239,Southern Seaboard
"Quitman County, MS",Quitman County,MS,Mississippi,28119,Mississippi Portal
"Rabun County, GA",Rabun County,GA,Georgia,13241,Southern Seaboard
"Racine County, WI",Racine County,WI,Wisconsin,55101,Northern Crescent
"Radford City, VA",Radford City,VA,Virginia,51750,Eastern Uplands
"Rains County, TX",Rains County,TX,Texas,48379,Southern Seaboard
"Raleigh County, WV",Raleigh County,WV,West Virginia,54081,Eastern Uplands
"Ralls County, MO",Ralls County,MO,Missouri,29173,Heartland
"Ramsey County, MN",Ramsey County,MN,Minnesota,27123,Northern Crescent
"Ramsey County, ND",Ramsey County,ND,North Dakota,38071,Northern Great Plains
"Randall County, TX",Randall County,TX,Texas,48381,Prairie Gateway
"Randolph County, AL",Randolph County,AL,Alabama,1111,Southern Seaboard
"Randolph County, AR",Randolph County,AR,Arkansas,5121,Mississippi Portal
"Randolph County, GA",Randolph County,GA,Georgia,13243,Southern Seaboard
"Randolph County, IL",Randolph County,IL,Illinois,17157,Heartland
"Randolph County, IN",Randolph County,IN,Indiana,18135,Heartland
"Randolph County, MO",Randolph County,MO,Missouri,29175,Heartland
"Randolph County, NC",Randolph County,NC,North Carolina,37151,Southern Seaboard
"Randolph County, WV",Randolph County,WV,West Virginia,54083,Eastern Uplands
"Rankin County, MS",Rankin County,MS,Mississippi,28121,Mississippi Portal
"Ransom County, ND",Ransom County,ND,North Dakota,38073,Northern Great Plains
"Rapides Parish, LA",Rapides Parish,LA,Louisiana,22079,Mississippi Portal
"Rappahannock County, VA",Rappahannock County,VA,Virginia,51157,Southern Seaboard
"Ravalli County, MT",Ravalli County,MT,Montana,30081,Basin and Range
"Rawlins County, KS",Rawlins County,KS,Kansas,20153,Prairie Gateway
"Ray County, MO",Ray County,MO,Missouri,29177,Heartland
"Reagan County, TX",Reagan County,TX,Texas,48383,Prairie Gateway
"Real County, TX",Real County,TX,Texas,48385,Prairie Gateway
"Red Lake County, MN",Red Lake County,MN,Minnesota,27125,Northern Great Plains
"Red River County, TX",Red River County,TX,Texas,48387,Southern Seaboard
"Red River Parish, LA",Red River Parish,LA,Louisiana,22081,Southern Seaboard
"Red Willow County, NE",Red Willow County,NE,Nebraska,31145,Prairie Gateway
"Redwood County, MN",Redwood County,MN,Minnesota,27127,Heartland
"Reeves County, TX",Reeves County,TX,Texas,48389,Fruitful Rim
"Refugio County, TX",Refugio County,TX,Texas,48391,Fruitful Rim
"Reno County, KS",Reno County,KS,Kansas,20155,Prairie Gateway
"Rensselaer County, NY",Rensselaer County,NY,New York,36083,Northern Crescent
"Renville County, MN",Renville County,MN,Minnesota,27129,Northern Crescent
"Renville County, ND",Renville County,ND,North Dakota,38075,Northern Great Plains
"Republic County, KS",Republic County,KS,Kansas,20157,Prairie Gateway
"Reynolds County, MO",Reynolds County,MO,Missouri,29179,Eastern Uplands
"Rhea County, TN",Rhea County,TN,Tennessee,47143,Eastern Uplands
"Rice County, KS",Rice County,KS,Kansas,20159,Prairie Gateway
"Rice County, MN",Rice County,MN,Minnesota,27131,Heartland
"Rich County, UT",Rich County,UT,Utah,49033,Basin and Range
"Richardson County, NE",Richardson County,NE,Nebraska,31147,Prairie Gateway
"Richland County, IL",Richland County,IL,Illinois,17159,Heartland
"Richland County, MT",Richland County,MT,Montana,30083,Northern Great Plains
"Richland County, ND",Richland County,ND,North Dakota,38077,Northern Great Plains
"Richland County, OH",Richland County,OH,Ohio,39139,Northern Crescent
"Richland County, SC",Richland County,SC,South Carolina,45079,Southern Seaboard
"Richland County, WI",Richland County,WI,Wisconsin,55103,Northern Crescent
"Richland Parish, LA",Richland Parish,LA,Louisiana,22083,Mississippi Portal
"Richmond City, VA",Richmond City,VA,Virginia,51760,Southern Seaboard
"Richmond County, GA",Richmond County,GA,Georgia,13245,Southern Seaboard
"Richmond County, NC",Richmond County,NC,North Carolina,37153,Southern Seaboard
"Richmond County, NY",Richmond County,NY,New York,36085,Northern Crescent
"Richmond County, VA",Richmond County,VA,Virginia,51159,Southern Seaboard
"Riley County, KS",Riley County,KS,Kansas,20161,Prairie Gateway
"Ringgold County, IA",Ringgold County,IA,Iowa,19159,Heartland
"Rio Arriba County, NM",Rio Arriba County,NM,New Mexico,35039,Basin and Range
"Rio Blanco County, CO",Rio Blanco County,CO,Colorado,8103,Basin and Range
"Rio Grande County, CO",Rio Grande County,CO,Colorado,8105,Basin and Range
"Ripley County, IN",Ripley County,IN,Indiana,18137,Heartland
"Ripley County, MO",Ripley County,MO,Missouri,29181,Eastern Uplands
"Ritchie County, WV",Ritchie County,WV,West Virginia,54085,Eastern Uplands
"Riverside County, CA",Riverside County,CA,California,6065,Fruitful Rim
"Roane County, TN",Roane County,TN,Tennessee,47145,Eastern Uplands
"Roane County, WV",Roane County,WV,West Virginia,54087,Eastern Uplands
"Roanoke City, VA",Roanoke City,VA,Virginia,51770,Eastern Uplands
"Roanoke County, VA",Roanoke County,VA,Virginia,51161,Eastern Uplands
"Roberts County, SD",Roberts County,SD,South Dakota,46109,Northern Great Plains
"Roberts County, TX",Roberts County,TX,Texas,48393,Prairie Gateway
"Robertson County, KY",Robertson County,KY,Kentucky,21201,Eastern Uplands
"Robertson County, TN",Robertson County,TN,Tennessee,47147,Mississippi Portal
"Robertson County, TX",Robertson County,TX,Texas,48395,Southern Seaboard
"Robeson County, NC",Robeson County,NC,North Carolina,37155,Southern Seaboard
"Rock County, MN",Rock County,MN,Minnesota,27133,Heartland
"Rock County, NE",Rock County,NE,Nebraska,31149,Northern Great Plains
"Rock County, WI",Rock County,WI,Wisconsin,55105,Northern Crescent
"Rock Island County, IL",Rock Island County,IL,Illinois,17161,Heartland
"Rockbridge County, VA",Rockbridge County,VA,Virginia,51163,Eastern Uplands
"Rockcastle County, KY",Rockcastle County,KY,Kentucky,21203,Eastern Uplands
"Rockdale County, GA",Rockdale County,GA,Georgia,13247,Southern Seaboard
"Rockingham County, NC",Rockingham County,NC,North Carolina,37157,Southern Seaboard
"Rockingham County, NH",Rockingham County,NH,New Hampshire,33015,Northern Crescent
"Rockingham County, VA",Rockingham County,VA,Virginia,51165,Southern Seaboard
"Rockland County, NY",Rockland County,NY,New York,36087,Northern Crescent
"Rockwall County, TX",Rockwall County,TX,Texas,48397,Prairie Gateway
"Roger Mills County, OK",Roger Mills County,OK,Oklahoma,40129,Prairie Gateway
"Rogers County, OK",Rogers County,OK,Oklahoma,40131,Eastern Uplands
"Rolette County, ND",Rolette County,ND,North Dakota,38079,Northern Great Plains
"Rooks County, KS",Rooks County,KS,Kansas,20163,Prairie Gateway
"Roosevelt County, MT",Roosevelt County,MT,Montana,30085,Northern Great Plains
"Roosevelt County, NM",Roosevelt County,NM,New Mexico,35041,Prairie Gateway
"Roscommon County, MI",Roscommon County,MI,Michigan,26143,Northern Crescent
"Roseau County, MN",Roseau County,MN,Minnesota,27135,Northern Great Plains
"Rosebud County, MT",Rosebud County,MT,Montana,30087,Northern Great Plains
"Ross County, OH",Ross County,OH,Ohio,39141,Heartland
"Routt County, CO",Routt County,CO,Colorado,8107,Basin and Range
"Rowan County, KY",Rowan County,KY,Kentucky,21205,Eastern Uplands
"Rowan County, NC",Rowan County,NC,North Carolina,37159,Southern Seaboard
"Runnels County, TX",Runnels County,TX,Texas,48399,Prairie Gateway
"Rush County, IN",Rush County,IN,Indiana,18139,Heartland
"Rush County, KS",Rush County,KS,Kansas,20165,Prairie Gateway
"Rusk County, TX",Rusk County,TX,Texas,48401,Southern Seaboard
"Rusk County, WI",Rusk County,WI,Wisconsin,55107,Northern Crescent
"Russell County, AL",Russell County,AL,Alabama,1113,Southern Seaboard
"Russell County, KS",Russell County,KS,Kansas,20167,Prairie Gateway
"Russell County, KY",Russell County,KY,Kentucky,21207,Eastern Uplands
"Russell County, VA",Russell County,VA,Virginia,51167,Eastern Uplands
"Rutherford County, NC",Rutherford County,NC,North Carolina,37161,Eastern Uplands
"Rutherford County, TN",Rutherford County,TN,Tennessee,47149,Eastern Uplands
"Rutland County, VT",Rutland County,VT,Vermont,50021,Northern Crescent
"Sabine County, TX",Sabine County,TX,Texas,48403,Southern Seaboard
"Sabine Parish, LA",Sabine Parish,LA,Louisiana,22085,Southern Seaboard
"Sac County, IA",Sac County,IA,Iowa,19161,Heartland
"Sacramento County, CA",Sacramento County,CA,California,6067,Fruitful Rim
"Sagadahoc County, ME",Sagadahoc County,ME,Maine,23023,Northern Crescent
"Saginaw County, MI",Saginaw County,MI,Michigan,26145,Northern Crescent
"Saguache County, CO",Saguache County,CO,Colorado,8109,Basin and Range
"Salem City, VA",Salem City,VA,Virginia,51775,Eastern Uplands
"Salem County, NJ",Salem County,NJ,New Jersey,34033,Northern Crescent
"Saline County, AR",Saline County,AR,Arkansas,5125,Eastern Uplands
"Saline County, IL",Saline County,IL,Illinois,17165,Heartland
"Saline County, KS",Saline County,KS,Kansas,20169,Prairie Gateway
"Saline County, MO",Saline County,MO,Missouri,29195,Heartland
"Saline County, NE",Saline County,NE,Nebraska,31151,Prairie Gateway
"Salt Lake County, UT",Salt Lake County,UT,Utah,49035,Basin and Range
"Saluda County, SC",Saluda County,SC,South Carolina,45081,Southern Seaboard
"Sampson County, NC",Sampson County,NC,North Carolina,37163,Southern Seaboard
"San Augustine County, TX",San Augustine County,TX,Texas,48405,Southern Seaboard
"San Benito County, CA",San Benito County,CA,California,6069,Fruitful Rim
"San Bernardino County, CA",San Bernardino County,CA,California,6071,Fruitful Rim
"San Diego County, CA",San Diego County,CA,California,6073,Fruitful Rim
"San Francisco County, CA",San Francisco County,CA,California,6075,Fruitful Rim
"San Jacinto County, TX",San Jacinto County,TX,Texas,48407,Southern Seaboard
"San Joaquin County, CA",San Joaquin County,CA,California,6077,Fruitful Rim
"San Juan County, CO",San Juan County,CO,Colorado,8111,Basin and Range
"San Juan County, NM",San Juan County,NM,New Mexico,35045,Basin and Range
"San Juan County, UT",San Juan County,UT,Utah,49037,Basin and Range
"San Juan County, WA",San Juan County,WA,Washington,53055,Fruitful Rim
"San Luis Obispo County, CA",San Luis Obispo County,CA,California,6079,Fruitful Rim
"San Mateo County, CA",San Mateo County,CA,California,6081,Fruitful Rim
"San Miguel County, CO",San Miguel County,CO,Colorado,8113,Basin and Range
"San Miguel County, NM",San Miguel County,NM,New Mexico,35047,Prairie Gateway
"San Patricio County, TX",San Patricio County,TX,Texas,48409,Fruitful Rim
"San Saba County, TX",San Saba County,TX,Texas,48411,Prairie Gateway
"Sanborn County, SD",Sanborn County,SD,South Dakota,46111,Heartland
"Sanders County, MT",Sanders County,MT,Montana,30089,Basin and Range
"Sandoval County, NM",Sandoval County,NM,New Mexico,35043,Basin and Range
"Sandusky County, OH",Sandusky County,OH,Ohio,39143,Northern Crescent
"Sangamon County, IL",Sangamon County,IL,Illinois,17167,Heartland
"Sanilac County, MI",Sanilac County,MI,Michigan,26151,Northern Crescent
"Sanpete County, UT",Sanpete County,UT,Utah,49039,Basin and Range
"Santa Barbara County, CA",Santa Barbara County,CA,California,6083,Fruitful Rim
"Santa Clara County, CA",Santa Clara County,CA,California,6085,Fruitful Rim
"Santa Cruz County, AZ",Santa Cruz County,AZ,Arizona,4023,Fruitful Rim
"Santa Cruz County, CA",Santa Cruz County,CA,California,6087,Fruitful Rim
"Santa Fe County, NM",Santa Fe County,NM,New Mexico,35049,Basin and Range
"Santa Rosa County, FL",Santa Rosa County,FL,Florida,12113,Fruitful Rim
"Sarasota County, FL",Sarasota County,FL,Florida,12115,Fruitful Rim
"Saratoga County, NY",Saratoga County,NY,New York,36091,Northern Crescent
"Sargent County, ND",Sargent County,ND,North Dakota,38081,Northern Great Plains
"Sarpy County, NE",Sarpy County,NE,Nebraska,31153,Heartland
"Sauk County, WI",Sauk County,WI,Wisconsin,55111,Northern Crescent
"Saunders County, NE",Saunders County,NE,Nebraska,31155,Heartland
"Sawyer County, WI",Sawyer County,WI,Wisconsin,55113,Northern Crescent
"Schenectady County, NY",Schenectady County,NY,New York,36093,Northern Crescent
"Schleicher County, TX",Schleicher County,TX,Texas,48413,Prairie Gateway
"Schley County, GA",Schley County,GA,Georgia,13249,Southern Seaboard
"Schoharie County, NY",Schoharie County,NY,New York,36095,Northern Crescent
"Schoolcraft County, MI",Schoolcraft County,MI,Michigan,26153,Northern Crescent
"Schuyler County, IL",Schuyler County,IL,Illinois,17169,Heartland
"Schuyler County, MO",Schuyler County,MO,Missouri,29197,Heartland
"Schuyler County, NY",Schuyler County,NY,New York,36097,Northern Crescent
"Schuylkill County, PA",Schuylkill County,PA,Pennsylvania,42107,Northern Crescent
"Scioto County, OH",Scioto County,OH,Ohio,39145,Heartland
"Scotland County, MO",Scotland County,MO,Missouri,29199,Heartland
"Scotland County, NC",Scotland County,NC,North Carolina,37165,Southern Seaboard
"Scott County, AR",Scott County,AR,Arkansas,5127,Eastern Uplands
"Scott County, IA",Scott County,IA,Iowa,19163,Heartland
"Scott County, IL",Scott County,IL,Illinois,17171,Heartland
"Scott County, IN",Scott County,IN,Indiana,18143,Heartland
"Scott County, KS",Scott County,KS,Kansas,20171,Prairie Gateway
"Scott County, KY",Scott County,KY,Kentucky,21209,Eastern Uplands
"Scott County, MN",Scott County,MN,Minnesota,27139,Northern Crescent
"Scott County, MO",Scott County,MO,Missouri,29201,Heartland
"Scott County, MS",Scott County,MS,Mississippi,28123,Mississippi Portal
"Scott County, TN",Scott County,TN,Tennessee,47151,Eastern Uplands
"Scott County, VA",Scott County,VA,Virginia,51169,Eastern Uplands
"Scotts Bluff County, NE",Scotts Bluff County,NE,Nebraska,31157,Northern Great Plains
"Screven County, GA",Screven County,GA,Georgia,13251,Southern Seaboard
"Scurry County, TX",Scurry County,TX,Texas,48415,Prairie Gateway
"Searcy County, AR",Searcy County,AR,Arkansas,5129,Eastern Uplands
"Sebastian County, AR",Sebastian County,AR,Arkansas,5131,Eastern Uplands
"Sedgwick County, CO",Sedgwick County,CO,Colorado,8115,Northern Great Plains
"Sedgwick County, KS",Sedgwick County,KS,Kansas,20173,Prairie Gateway
"Seminole County, FL",Seminole County,FL,Florida,12117,Fruitful Rim
"Seminole County, GA",Seminole County,GA,Georgia,13253,Southern Seaboard
"Seminole County, OK",Seminole County,OK,Oklahoma,40133,Prairie Gateway
"Seneca County, NY",Seneca County,NY,New York,36099,Northern Crescent
"Seneca County, OH",Seneca County,OH,Ohio,39147,Northern Crescent
"Sequatchie County, TN",Sequatchie County,TN,Tennessee,47153,Eastern Uplands
"Sequoyah County, OK",Sequoyah County,OK,Oklahoma,40135,Eastern Uplands
"Sevier County, AR",Sevier County,AR,Arkansas,5133,Eastern Uplands
"Sevier County, TN",Sevier County,TN,Tennessee,47155,Eastern Uplands
"Sevier County, UT",Sevier County,UT,Utah,49041,Basin and Range
"Seward County, KS",Seward County,KS,Kansas,20175,Prairie Gateway
"Seward County, NE",Seward County,NE,Nebraska,31159,Heartland
"Shackelford County, TX",Shackelford County,TX,Texas,48417,Prairie Gateway
"Shannon County, MO",Shannon County,MO,Missouri,29203,Eastern Uplands
"Sharkey County, MS",Sharkey County,MS,Mississippi,28125,Mississippi Portal
"Sharp County, AR",Sharp County,AR,Arkansas,5135,Eastern Uplands
"Shasta County, CA",Shasta County,CA,California,6089,Basin and Range
"Shawano County, WI",Shawano County,WI,Wisconsin,55115,Northern Crescent
"Shawnee County, KS",Shawnee County,KS,Kansas,20177,Prairie Gateway
"Sheboygan County, WI",Sheboygan County,WI,Wisconsin,55117,Northern Crescent
"Shelby County, AL",Shelby County,AL,Alabama,1117,Eastern Uplands
"Shelby County, IA",Shelby County,IA,Iowa,19165,Heartland
"Shelby County, IL",Shelby County,IL,Illinois,17173,Heartland
"Shelby County, IN",Shelby County,IN,Indiana,18145,Heartland
"Shelby County, KY",Shelby County,KY,Kentucky,21211,Eastern Uplands
"Shelby County, MO",Shelby County,MO,Missouri,29205,Heartland
"Shelby County, OH",Shelby County,OH,Ohio,39149,Heartland
"Shelby County, TN",Shelby County,TN,Tennessee,47157,Mississippi Portal
"Shelby County, TX",Shelby County,TX,Texas,48419,Southern Seaboard
"Shenandoah County, VA",Shenandoah County,VA,Virginia,51171,Southern Seaboard
"Sherburne County, MN",Sherburne County,MN,Minnesota,27141,Northern Crescent
"Sheridan County, KS",Sheridan County,KS,Kansas,20179,Prairie Gateway
"Sheridan County, MT",Sheridan County,MT,Montana,30091,Northern Great Plains
"Sheridan County, ND",Sheridan County,ND,North Dakota,38083,Northern Great Plains
"Sheridan County, NE",Sheridan County,NE,Nebraska,31161,Northern Great Plains
"Sheridan County, WY",Sheridan County,WY,Wyoming,56033,Northern Great Plains
"Sherman County, KS",Sherman County,KS,Kansas,20181,Prairie Gateway
"Sherman County, NE",Sherman County,NE,Nebraska,31163,Prairie Gateway
"Sherman County, OR",Sherman County,OR,Oregon,41055,Basin and Range
"Sherman County, TX",Sherman County,TX,Texas,48421,Prairie Gateway
"Shiawassee County, MI",Shiawassee County,MI,Michigan,26155,Northern Crescent
"Shoshone County, ID",Shoshone County,ID,Idaho,16079,Basin and Range
"Sibley County, MN",Sibley County,MN,Minnesota,27143,Northern Crescent
"Sierra County, CA",Sierra County,CA,California,6091,Basin and Range
"Sierra County, NM",Sierra County,NM,New Mexico,35051,Basin and Range
"Silver Bow County, MT",Silver Bow County,MT,Montana,30093,Basin and Range
"Simpson County, KY",Simpson County,KY,Kentucky,21213,Heartland
"Simpson County, MS",Simpson County,MS,Mississippi,28127,Southern Seaboard
"Sioux County, IA",Sioux County,IA,Iowa,19167,Heartland
"Sioux County, ND",Sioux County,ND,North Dakota,38085,Northern Great Plains
"Sioux County, NE",Sioux County,NE,Nebraska,31165,Northern Great Plains
"Siskiyou County, CA",Siskiyou County,CA,California,6093,Basin and Range
"Sitka City and Borough, AK",Sitka City and Borough,AK,Alaska,2220,
"Skagit County, WA",Skagit County,WA,Washington,53057,Fruitful Rim
"Skagway Municipality, AK",Skagway Municipality,AK,Alaska,2230,
"Skamania County, WA",Skamania County,WA,Washington,53059,Fruitful Rim
"Slope County, ND",Slope County,ND,North Dakota,38087,Northern Great Plains
"Smith County, KS",Smith County,KS,Kansas,20183,Prairie Gateway
"Smith County, MS",Smith County,MS,Mississippi,28129,Southern Seaboard
"Smith County, TN",Smith County,TN,Tennessee,47159,Eastern Uplands
"Smith County, TX",Smith County,TX,Texas,48423,Southern Seaboard
"Smyth County, VA",Smyth County,VA,Virginia,51173,Eastern Uplands
"Snohomish County, WA",Snohomish County,WA,Washington,53061,Fruitful Rim
"Snyder County, PA",Snyder County,PA,Pennsylvania,42109,Northern Crescent
"Socorro County, NM",Socorro County,NM,New Mexico,35053,Basin and Range
"Solano County, CA",Solano County,CA,California,6095,Fruitful Rim
"Somerset County, MD",Somerset County,MD,Maryland,24039,Southern Seaboard
"Somerset County, ME",Somerset County,ME,Maine,23025,Northern Crescent
"Somerset County, NJ",Somerset County,NJ,New Jersey,34035,Northern Crescent
"Somerset County, PA",Somerset County,PA,Pennsylvania,42111,Eastern Uplands
"Somervell County, TX",Somervell County,TX,Texas,48425,Prairie Gateway
"Sonoma County, CA",Sonoma County,CA,California,6097,Fruitful Rim
"South Central Connecticut Planning Region, CT",South Central Connecticut Planning Region,CT,Connecticut,9170,
"Southampton County, VA",Southampton County,VA,Virginia,51175,Southern Seaboard
"Southeast Fairbanks Census Area, AK",Southeast Fairbanks Census Area,AK,Alaska,2240,
"Southeastern Connecticut Planning Region, CT",Southeastern Connecticut Planning Region,CT,Connecticut,9180,
"Spalding County, GA",Spalding County,GA,Georgia,13255,Southern Seaboard
"Spartanburg County, SC",Spartanburg County,SC,South Carolina,45083,Southern Seaboard
"Spencer County, IN",Spencer County,IN,Indiana,18147,Heartland
"Spencer County, KY",Spencer County,KY,Kentucky,21215,Eastern Uplands
"Spink County, SD",Spink County,SD,South Dakota,46115,Northern Great Plains
"Spokane County, WA",Spokane County,WA,Washington,53063,Basin and Range
"Spotsylvania County, VA",Spotsylvania County,VA,Virginia,51177,Southern Seaboard
"St. Bernard Parish, LA",St. Bernard Parish,LA,Louisiana,22087,Mississippi Portal
"St. Charles County, MO",St. Charles County,MO,Missouri,29183,Heartland
"St. Charles Parish, LA",St. Charles Parish,LA,Louisiana,22089,Mississippi Portal
"St. Clair County, AL",St. Clair County,AL,Alabama,1115,Eastern Uplands
"St. Clair County, IL",St. Clair County,IL,Illinois,17163,Heartland
"St. Clair County, MI",St. Clair County,MI,Michigan,26147,Northern Crescent
"St. Clair County, MO",St. Clair County,MO,Missouri,29185,Heartland
"St. Croix County, WI",St. Croix County,WI,Wisconsin,55109,Northern Crescent
"St. Francis County, AR",St. Francis County,AR,Arkansas,5123,Mississippi Portal
"St. Francois County, MO",St. Francois County,MO,Missouri,29187,Heartland
"St. Helena Parish, LA",St. Helena Parish,LA,Louisiana,22091,Mississippi Portal
"St. James Parish, LA",St. James Parish,LA,Louisiana,22093,Mississippi Portal
"St. John the Baptist Parish, LA",St. John the Baptist Parish,LA,Louisiana,22095,Mississippi Portal
"St. Johns County, FL",St. Johns County,FL,Florida,12109,Fruitful Rim
"St. Joseph County, IN",St. Joseph County,IN,Indiana,18141,Heartland
"St. Joseph County, MI",St. Joseph County,MI,Michigan,26149,Northern Crescent
"St. Landry Parish, LA",St. Landry Parish,LA,Louisiana,22097,Mississippi Portal
"St. Lawrence County, NY",St. Lawrence County,NY,New York,36089,Northern Crescent
"St. Louis City, MO",St. Louis City,MO,Missouri,29510,Heartland
"St. Louis County, MN",St. Louis County,MN,Minnesota,27137,Northern Crescent
"St. Louis County, MO",St. Louis County,MO,Missouri,29189,Heartland
"St. Lucie County, FL",St. Lucie County,FL,Florida,12111,Fruitful Rim
"St. Martin Parish, LA",St. Martin Parish,LA,Louisiana,22099,Mississippi Portal
"St. Mary Parish, LA",St. Mary Parish,LA,Louisiana,22101,Mississippi Portal
"St. Mary's County, MD",St. Mary's County,MD,Maryland,24037,Southern Seaboard
"St. Tammany Parish, LA",St. Tammany Parish,LA,Louisiana,22103,Mississippi Portal
"Stafford County, KS",Stafford County,KS,Kansas,20185,Prairie Gateway
"Stafford County, VA",Stafford County,VA,Virginia,51179,Southern Seaboard
"Stanislaus County, CA",Stanislaus County,CA,California,6099,Fruitful Rim
"Stanley County, SD",Stanley County,SD,South Dakota,46117,Northern Great Plains
"Stanly County, NC",Stanly County,NC,North Carolina,37167,Southern Seaboard
"Stanton County, KS",Stanton County,KS,Kansas,20187,Prairie Gateway
"Stanton County, NE",Stanton County,NE,Nebraska,31167,Heartland
"Stark County, IL",Stark County,IL,Illinois,17175,Heartland
"Stark County, ND",Stark County,ND,North Dakota,38089,Northern Great Plains
"Stark County, OH",Stark County,OH,Ohio,39151,Northern Crescent
"Starke County, IN",Starke County,IN,Indiana,18149,Heartland
"Starr County, TX",Starr County,TX,Texas,48427,Fruitful Rim
"Staunton City, VA",Staunton City,VA,Virginia,51790,Eastern Uplands
"Ste. Genevieve County, MO",Ste. Genevieve County,MO,Missouri,29186,Heartland
"Stearns County, MN",Stearns County,MN,Minnesota,27145,Northern Crescent
"Steele County, MN",Steele County,MN,Minnesota,27147,Heartland
"Steele County, ND",Steele County,ND,North Dakota,38091,Northern Great Plains
"Stephens County, GA",Stephens County,GA,Georgia,13257,Southern Seaboard
"Stephens County, OK",Stephens County,OK,Oklahoma,40137,Prairie Gateway
"Stephens County, TX",Stephens County,TX,Texas,48429,Prairie Gateway
"Stephenson County, IL",Stephenson County,IL,Illinois,17177,Heartland
"Sterling County, TX",Sterling County,TX,Texas,48431,Prairie Gateway
"Steuben County, IN",Steuben County,IN,Indiana,18151,Heartland
"Steuben County, NY",Steuben County,NY,New York,36101,Northern Crescent
"Stevens County, KS",Stevens County,KS,Kansas,20189,Prairie Gateway
"Stevens County, MN",Stevens County,MN,Minnesota,27149,Heartland
"Stevens County, WA",Stevens County,WA,Washington,53065,Basin and Range
"Stewart County, GA",Stewart County,GA,Georgia,13259,Southern Seaboard
"Stewart County, TN",Stewart County,TN,Tennessee,47161,Mississippi Portal
"Stillwater County, MT",Stillwater County,MT,Montana,30095,Basin and Range
"Stoddard County, MO",Stoddard County,MO,Missouri,29207,Heartland
"Stokes County, NC",Stokes County,NC,North Carolina,37169,Southern Seaboard
"Stone County, AR",Stone County,AR,Arkansas,5137,Eastern Uplands
"Stone County, MO",Stone County,MO,Missouri,29209,Eastern Uplands
"Stone County, MS",Stone County,MS,Mississippi,28131,Southern Seaboard
"Stonewall County, TX",Stonewall County,TX,Texas,48433,Prairie Gateway
"Storey County, NV",Storey County,NV,Nevada,32029,Basin and Range
"Story County, IA",Story County,IA,Iowa,19169,Heartland
"Strafford County, NH",Strafford County,NH,New Hampshire,33017,Northern Crescent
"Stutsman County, ND",Stutsman County,ND,North Dakota,38093,Northern Great Plains
"Sublette County, WY",Sublette County,WY,Wyoming,56035,Basin and Range
"Suffolk City, VA",Suffolk City,VA,Virginia,51800,Southern Seaboard
"Suffolk County, MA",Suffolk County,MA,Massachusetts,25025,Northern Crescent
"Suffolk County, NY",Suffolk County,NY,New York,36103,Northern Crescent
"Sullivan County, IN",Sullivan County,IN,Indiana,18153,Heartland
"Sullivan County, MO",Sullivan County,MO,Missouri,29211,Heartland
"Sullivan County, NH",Sullivan County,NH,New Hampshire,33019,Northern Crescent
"Sullivan County, NY",Sullivan County,NY,New York,36105,Northern Crescent
"Sullivan County, PA",Sullivan County,PA,Pennsylvania,42113,Northern Crescent
"Sullivan County, TN",Sullivan County,TN,Tennessee,47163,Eastern Uplands
"Sully County, SD",Sully County,SD,South Dakota,46119,Northern Great Plains
"Summers County, WV",Summers County,WV,West Virginia,54089,Eastern Uplands
"Summit County, CO",Summit County,CO,Colorado,8117,Basin and Range
"Summit County, OH",Summit County,OH,Ohio,39153,Northern Crescent
"Summit County, UT",Summit County,UT,Utah,49043,Basin and Range
"Sumner County, KS",Sumner County,KS,Kansas,20191,Prairie Gateway
"Sumner County, TN",Sumner County,TN,Tennessee,47165,Eastern Uplands
"Sumter County, AL",Sumter County,AL,Alabama,1119,Southern Seaboard
"Sumter County, FL",Sumter County,FL,Florida,12119,Fruitful Rim
"Sumter County, GA",Sumter County,GA,Georgia,13261,Southern Seaboard
"Sumter County, SC",Sumter County,SC,South Carolina,45085,Southern Seaboard
"Sunflower County, MS",Sunflower County,MS,Mississippi,28133,Mississippi Portal
"Surry County, NC",Surry County,NC,North Carolina,37171,Southern Seaboard
"Surry County, VA",Surry County,VA,Virginia,51181,Southern Seaboard
"Susquehanna County, PA",Susquehanna County,PA,Pennsylvania,42115,Northern Crescent
"Sussex County, DE",Sussex County,DE,Delaware,10005,Southern Seaboard
"Sussex County, NJ",Sussex County,NJ,New Jersey,34037,Northern Crescent
"Sussex County, VA",Sussex County,VA,Virginia,51183,Southern Seaboard
"Sutter County, CA",Sutter County,CA,California,6101,Fruitful Rim
"Sutton County, TX",Sutton County,TX,Texas,48435,Prairie Gateway
"Suwannee County, FL",Suwannee County,FL,Florida,12121,Fruitful Rim
"Swain County, NC",Swain County,NC,North Carolina,37173,Eastern Uplands
"Sweet Grass County, MT",Sweet Grass County,MT,Montana,30097,Basin and Range
"Sweetwater County, WY",Sweetwater County,WY,Wyoming,56037,Basin and Range
"Swift County, MN",Swift County,MN,Minnesota,27151,Heartland
"Swisher County, TX",Swisher County,TX,Texas,48437,Prairie Gateway
"Switzerland County, IN",Switzerland County,IN,Indiana,18155,Heartland
"Talbot County, GA",Talbot County,GA,Georgia,13263,Southern Seaboard
"Talbot County, MD",Talbot County,MD,Maryland,24041,Southern Seaboard
"Taliaferro County, GA",Taliaferro County,GA,Georgia,13265,Southern Seaboard
"Talladega County, AL",Talladega County,AL,Alabama,1121,Southern Seaboard
"Tallahatchie County, MS",Tallahatchie County,MS,Mississippi,28135,Mississippi Portal
"Tallapoosa County, AL",Tallapoosa County,AL,Alabama,1123,Southern Seaboard
"Tama County, IA",Tama County,IA,Iowa,19171,Heartland
"Taney County, MO",Taney County,MO,Missouri,29213,Eastern Uplands
"Tangipahoa Parish, LA",Tangipahoa Parish,LA,Louisiana,22105,Mississippi Portal
"Taos County, NM",Taos County,NM,New Mexico,35055,Basin and Range
"Tarrant County, TX",Tarrant County,TX,Texas,48439,Prairie Gateway
"Tate County, MS",Tate County,MS,Mississippi,28137,Mississippi Portal
"Tattnall County, GA",Tattnall County,GA,Georgia,13267,Fruitful Rim
"Taylor County, FL",Taylor County,FL,Florida,12123,Fruitful Rim
"Taylor County, GA",Taylor County,GA,Georgia,13269,Southern Seaboard
"Taylor County, IA",Taylor County,IA,Iowa,19173,Heartland
"Taylor County, KY",Taylor County,KY,Kentucky,21217,Eastern Uplands
"Taylor County, TX",Taylor County,TX,Texas,48441,Prairie Gateway
"Taylor County, WI",Taylor County,WI,Wisconsin,55119,Northern Crescent
"Taylor County, WV",Taylor County,WV,West Virginia,54091,Eastern Uplands
"Tazewell County, IL",Tazewell County,IL,Illinois,17179,Heartland
"Tazewell County, VA",Tazewell County,VA,Virginia,51185,Eastern Uplands
"Tehama County, CA",Tehama County,CA,California,6103,Fruitful Rim
"Telfair County, GA",Telfair County,GA,Georgia,13271,Southern Seaboard
"Teller County, CO",Teller County,CO,Colorado,8119,Basin and Range
"Tensas Parish, LA",Tensas Parish,LA,Louisiana,22107,Mississippi Portal
"Terrebonne Parish, LA",Terrebonne Parish,LA,Louisiana,22109,Mississippi Portal
"Terrell County, GA",Terrell County,GA,Georgia,13273,Southern Seaboard
"Terrell County, TX",Terrell County,TX,Texas,48443,Fruitful Rim
"Terry County, TX",Terry County,TX,Texas,48445,Prairie Gateway
"Teton County, ID",Teton County,ID,Idaho,16081,Fruitful Rim
"Teton County, MT",Teton County,MT,Montana,30099,Northern Great Plains
"Teton County, WY",Teton County,WY,Wyoming,56039,Basin and Range
"Texas County, MO",Texas County,MO,Missouri,29215,Eastern Uplands
"Texas County, OK",Texas County,OK,Oklahoma,40139,Prairie Gateway
"Thayer County, NE",Thayer County,NE,Nebraska,31169,Prairie Gateway
"Thomas County, GA",Thomas County,GA,Georgia,13275,Southern Seaboard
"Thomas County, KS",Thomas County,KS,Kansas,20193,Prairie Gateway
"Thomas County, NE",Thomas County,NE,Nebraska,31171,Northern Great Plains
"Throckmorton County, TX",Throckmorton County,TX,Texas,48447,Prairie Gateway
"Thurston County, NE",Thurston County,NE,Nebraska,31173,Heartland
"Thurston County, WA",Thurston County,WA,Washington,53067,Fruitful Rim
"Tift County, GA",Tift County,GA,Georgia,13277,Southern Seaboard
"Tillamook County, OR",Tillamook County,OR,Oregon,41057,Fruitful Rim
"Tillman County, OK",Tillman County,OK,Oklahoma,40141,Prairie Gateway
"Tioga County, NY",Tioga County,NY,New York,36107,Northern Crescent
"Tioga County, PA",Tioga County,PA,Pennsylvania,42117,Northern Crescent
"Tippah County, MS",Tippah County,MS,Mississippi,28139,Mississippi Portal
"Tippecanoe County, IN",Tippecanoe County,IN,Indiana,18157,Heartland
"Tipton County, IN",Tipton County,IN,Indiana,18159,Heartland
"Tipton County, TN",Tipton County,TN,Tennessee,47167,Mississippi Portal
"Tishomingo County, MS",Tishomingo County,MS,Mississippi,28141,Mississippi Portal
"Titus County, TX",Titus County,TX,Texas,48449,Southern Seaboard
"Todd County, KY",Todd County,KY,Kentucky,21219,Heartland
"Todd County, MN",Todd County,MN,Minnesota,27153,Northern Crescent
"Todd County, SD",Todd County,SD,South Dakota,46121,Northern Great Plains
"Tom Green County, TX",Tom Green County,TX,Texas,48451,Prairie Gateway
"Tompkins County, NY",Tompkins County,NY,New York,36109,Northern Crescent
"Tooele County, UT",Tooele County,UT,Utah,49045,Basin and Range
"Toole County, MT",Toole County,MT,Montana,30101,Northern Great Plains
"Toombs County, GA",Toombs County,GA,Georgia,13279,Fruitful Rim
"Torrance County, NM",Torrance County,NM,New Mexico,35057,Prairie Gateway
"Towner County, ND",Towner County,ND,North Dakota,38095,Northern Great Plains
"Towns County, GA",Towns County,GA,Georgia,13281,Southern Seaboard
"Traill County, ND",Traill County,ND,North Dakota,38097,Northern Great Plains
"Transylvania County, NC",Transylvania County,NC,North Carolina,37175,Eastern Uplands
"Traverse County, MN",Traverse County,MN,Minnesota,27155,Heartland
"Travis County, TX",Travis County,TX,Texas,48453,Prairie Gateway
"Treasure County, MT",Treasure County,MT,Montana,30103,Basin and Range
"Trego County, KS",Trego County,KS,Kansas,20195,Prairie Gateway
"Trempealeau County, WI",Trempealeau County,WI,Wisconsin,55121,Northern Crescent
"Treutlen County, GA",Treutlen County,GA,Georgia,13283,Southern Seaboard
"Trigg County, KY",Trigg County,KY,Kentucky,21221,Heartland
"Trimble County, KY",Trimble County,KY,Kentucky,21223,Eastern Uplands
"Trinity County, CA",Trinity County,CA,California,6105,Basin and Range
"Trinity County, TX",Trinity County,TX,Texas,48455,Southern Seaboard
"Tripp County, SD",Tripp County,SD,South Dakota,46123,Northern Great Plains
"Troup County, GA",Troup County,GA,Georgia,13285,Southern Seaboard
"Trousdale County, TN",Trousdale County,TN,Tennessee,47169,Eastern Uplands
"Trumbull County, OH",Trumbull County,OH,Ohio,39155,Northern Crescent
"Tucker County, WV",Tucker County,WV,West Virginia,54093,Eastern Uplands
"Tulare County, CA",Tulare County,CA,California,6107,Fruitful Rim
"Tulsa County, OK",Tulsa County,OK,Oklahoma,40143,Eastern Uplands
"Tunica County, MS",Tunica County,MS,Mississippi,28143,Mississippi Portal
"Tuolumne County, CA",Tuolumne County,CA,California,6109,Basin and Range
"Turner County, GA",Turner County,GA,Georgia,13287,Southern Seaboard
"Turner County, SD",Turner County,SD,South Dakota,46125,Heartland
"Tuscaloosa County, AL",Tuscaloosa County,AL,Alabama,1125,Southern Seaboard
"Tuscarawas County, OH",Tuscarawas County,OH,Ohio,39157,Eastern Uplands
"Tuscola County, MI",Tuscola County,MI,Michigan,26157,Northern Crescent
"Twiggs County, GA",Twiggs County,GA,Georgia,13289,Southern Seaboard
"Twin Falls County, ID",Twin Falls County,ID,Idaho,16083,Fruitful Rim
"Tyler County, TX",Tyler County,TX,Texas,48457,Southern Seaboard
"Tyler County, WV",Tyler County,WV,West Virginia,54095,Eastern Uplands
"Tyrrell County, NC",Tyrrell County,NC,North Carolina,37177,Southern Seaboard
"Uinta County, WY",Uinta County,WY,Wyoming,56041,Basin and Range
"Uintah County, UT",Uintah County,UT,Utah,49047,Basin and Range
"Ulster County, NY",Ulster County,NY,New York,36111,Northern Crescent
"Umatilla County, OR",Umatilla County,OR,Oregon,41059,Fruitful Rim
"Unicoi County, TN",Unicoi County,TN,Tennessee,47171,Eastern Uplands
"Union County, AR",Union County,AR,Arkansas,5139,Southern Seaboard
"Union County, FL",Union County,FL,Florida,12125,Fruitful Rim
"Union County, GA",Union County,GA,Georgia,13291,Southern Seaboard
"Union County, IA",Union County,IA,Iowa,19175,Heartland
"Union County, IL",Union County,IL,Illinois,17181,Heartland
"Union County, IN",Union County,IN,Indiana,18161,Heartland
"Union County, KY",Union County,KY,Kentucky,21225,Heartland
"Union County, MS",Union County,MS,Mississippi,28145,Mississippi Portal
"Union County, NC",Union County,NC,North Carolina,37179,Southern Seaboard
"Union County, NJ",Union County,NJ,New Jersey,34039,Northern Crescent
"Union County, NM",Union County,NM,New Mexico,35059,Prairie Gateway
"Union County, OH",Union County,OH,Ohio,39159,Heartland
"Union County, OR",Union County,OR,Oregon,41061,Fruitful Rim
"Union County, PA",Union County,PA,Pennsylvania,42119,Northern Crescent
"Union County, SC",Union County,SC,South Carolina,45087,Southern Seaboard
"Union County, SD",Union County,SD,South Dakota,46127,Heartland
"Union County, TN",Union County,TN,Tennessee,47173,Eastern Uplands
"Union Parish, LA",Union Parish,LA,Louisiana,22111,Southern Seaboard
"Upshur County, TX",Upshur County,TX,Texas,48459,Southern Seaboard
"Upshur County, WV",Upshur County,WV,West Virginia,54097,Eastern Uplands
"Upson County, GA",Upson County,GA,Georgia,13293,Southern Seaboard
"Upton County, TX",Upton County,TX,Texas,48461,Prairie Gateway
"Utah County, UT",Utah County,UT,Utah,49049,Basin and Range
"Uvalde County, TX",Uvalde County,TX,Texas,48463,Prairie Gateway
"Val Verde County, TX",Val Verde County,TX,Texas,48465,Prairie Gateway
"Valencia County, NM",Valencia County,NM,New Mexico,35061,Basin and Range
"Valley County, ID",Valley County,ID,Idaho,16085,Fruitful Rim
"Valley County, MT",Valley County,MT,Montana,30105,Northern Great Plains
"Valley County, NE",Valley County,NE,Nebraska,31175,Prairie Gateway
"Van Buren County, AR",Van Buren County,AR,Arkansas,5141,Eastern Uplands
"Van Buren County, IA",Van Buren County,IA,Iowa,19177,Heartland
"Van Buren County, MI",Van Buren County,MI,Michigan,26159,Northern Crescent
"Van Buren County, TN",Van Buren County,TN,Tennessee,47175,Eastern Uplands
"Van Wert County, OH",Van Wert County,OH,Ohio,39161,Heartland
"Van Zandt County, TX",Van Zandt County,TX,Texas,48467,Southern Seaboard
"Vance County, NC",Vance County,NC,North Carolina,37181,Southern Seaboard
"Vanderburgh County, IN",Vanderburgh County,IN,Indiana,18163,Heartland
"Venango County, PA",Venango County,PA,Pennsylvania,42121,Northern Crescent
"Ventura County, CA",Ventura County,CA,California,6111,Fruitful Rim
"Vermilion County, IL",Vermilion County,IL,Illinois,17183,Heartland
"Vermilion Parish, LA",Vermilion Parish,LA,Louisiana,22113,Mississippi Portal
"Vermillion County, IN",Vermillion County,IN,Indiana,18165,Heartland
"Vernon County, MO",Vernon County,MO,Missouri,29217,Heartland
"Vernon County, WI",Vernon County,WI,Wisconsin,55123,Northern Crescent
"Vernon Parish, LA",Vernon Parish,LA,Louisiana,22115,Southern Seaboard
"Victoria County, TX",Victoria County,TX,Texas,48469,Fruitful Rim
"Vigo County, IN",Vigo County,IN,Indiana,18167,Heartland
"Vilas County, WI",Vilas County,WI,Wisconsin,55125,Northern Crescent
"Vinton County, OH",Vinton County,OH,Ohio,39163,Eastern Uplands
"Virginia Beach City, VA",Virginia Beach City,VA,Virginia,51810,Southern Seaboard
"Volusia County, FL",Volusia County,FL,Florida,12127,Fruitful Rim
"Wabash County, IL",Wabash County,IL,Illinois,17185,Heartland
"Wabash County, IN",Wabash County,IN,Indiana,18169,Heartland
"Wabasha County, MN",Wabasha County,MN,Minnesota,27157,Heartland
"Wabaunsee County, KS",Wabaunsee County,KS,Kansas,20197,Prairie Gateway
"Wadena County, MN",Wadena County,MN,Minnesota,27159,Northern Crescent
"Wagoner County, OK",Wagoner County,OK,Oklahoma,40145,Eastern Uplands
"Wahkiakum County, WA",Wahkiakum County,WA,Washington,53069,Fruitful Rim
"Wake County, NC",Wake County,NC,North Carolina,37183,Southern Seaboard
"Wakulla County, FL",Wakulla County,FL,Florida,12129,Fruitful Rim
"Waldo County, ME",Waldo County,ME,Maine,23027,Northern Crescent
"Walker County, AL",Walker County,AL,Alabama,1127,Eastern Uplands
"Walker County, GA",Walker County,GA,Georgia,13295,Eastern Uplands
"Walker County, TX",Walker County,TX,Texas,48471,Southern Seaboard
"Walla Walla County, WA",Walla Walla County,WA,Washington,53071,Basin and Range
"Wallace County, KS",Wallace County,KS,Kansas,20199,Prairie Gateway
"Waller County, TX",Waller County,TX,Texas,48473,Southern Seaboard
"Wallowa County, OR",Wallowa County,OR,Oregon,41063,Fruitful Rim
"Walsh County, ND",Walsh County,ND,North Dakota,38099,Northern Great Plains
"Walthall County, MS",Walthall County,MS,Mississippi,28147,Southern Seaboard
"Walton County, FL",Walton County,FL,Florida,12131,Fruitful Rim
"Walton County, GA",Walton County,GA,Georgia,13297,Southern Seaboard
"Walworth County, SD",Walworth County,SD,South Dakota,46129,Northern Great Plains
"Walworth County, WI",Walworth County,WI,Wisconsin,55127,Northern Crescent
"Wapello County, IA",Wapello County,IA,Iowa,19179,Heartland
"Ward County, ND",Ward County,ND,North Dakota,38101,Northern Great Plains
"Ward County, TX",Ward County,TX,Texas,48475,Fruitful Rim
"Ware County, GA",Ware County,GA,Georgia,13299,Fruitful Rim
"Warren County, GA",Warren County,GA,Georgia,13301,Southern Seaboard
"Warren County, IA",Warren County,IA,Iowa,19181,Heartland
"Warren County, IL",Warren County,IL,Illinois,17187,Heartland
"Warren County, IN",Warren County,IN,Indiana,18171,Heartland
"Warren County, KY",Warren County,KY,Kentucky,21227,Eastern Uplands
"Warren County, MO",Warren County,MO,Missouri,29219,Heartland
"Warren County, MS",Warren County,MS,Mississippi,28149,Mississippi Portal
"Warren County, NC",Warren County,NC,North Carolina,37185,Southern Seaboard
"Warren County, NJ",Warren County,NJ,New Jersey,34041,Northern Crescent
"Warren County, NY",Warren County,NY,New York,36113,Northern Crescent
"Warren County, OH",Warren County,OH,Ohio,39165,Heartland
"Warren County, PA",Warren County,PA,Pennsylvania,42123,Northern Crescent
"Warren County, TN",Warren County,TN,Tennessee,47177,Eastern Uplands
"Warren County, VA",Warren County,VA,Virginia,51187,Southern Seaboard
"Warrick County, IN",Warrick County,IN,Indiana,18173,Heartland
"Wasatch County, UT",Wasatch County,UT,Utah,49051,Basin and Range
"Wasco County, OR",Wasco County,OR,Oregon,41065,Basin and Range
"Waseca County, MN",Waseca County,MN,Minnesota,27161,Heartland
"Washakie County, WY",Washakie County,WY,Wyoming,56043,Basin and Range
"Washburn County, WI",Washburn County,WI,Wisconsin,55129,Northern Crescent
"Washington County, AL",Washington County,AL,Alabama,1129,Southern Seaboard
"Washington County, AR",Washington County,AR,Arkansas,5143,Eastern Uplands
"Washington County, CO",Washington County,CO,Colorado,8121,Prairie Gateway
"Washington County, FL",Washington County,FL,Florida,12133,Fruitful Rim
"Washington County, GA",Washington County,GA,Georgia,13303,Southern Seaboard
"Washington County, IA",Washington County,IA,Iowa,19183,Heartland
"Washington County, ID",Washington County,ID,Idaho,16087,Fruitful Rim
"Washington County, IL",Washington County,IL,Illinois,17189,Heartland
"Washington County, IN",Washington County,IN,Indiana,18175,Heartland
"Washington County, KS",Washington County,KS,Kansas,20201,Prairie Gateway
"Washington County, KY",Washington County,KY,Kentucky,21229,Eastern Uplands
"Washington County, MD",Washington County,MD,Maryland,24043,Northern Crescent
"Washington County, ME",Washington County,ME,Maine,23029,Northern Crescent
"Washington County, MN",Washington County,MN,Minnesota,27163,Northern Crescent
"Washington County, MO",Washington County,MO,Missouri,29221,Heartland
"Washington County, MS",Washington County,MS,Mississippi,28151,Mississippi Portal
"Washington County, NC",Washington County,NC,North Carolina,37187,Southern Seaboard
"Washington County, NE",Washington County,NE,Nebraska,31177,Heartland
"Washington County, NY",Washington County,NY,New York,36115,Northern Crescent
"Washington County, OH",Washington County,OH,Ohio,39167,Eastern Uplands
"Washington County, OK",Washington County,OK,Oklahoma,40147,Eastern Uplands
"Washington County, OR",Washington County,OR,Oregon,41067,Fruitful Rim
"Washington County, PA",Washington County,PA,Pennsylvania,42125,Eastern Uplands
"Washington County, RI",Washington County,RI,Rhode Island,44009,Northern Crescent
"Washington County, TN",Washington County,TN,Tennessee,47179,Eastern Uplands
"Washington County, TX",Washington County,TX,Texas,48477,Prairie Gateway
"Washington County, UT",Washington County,UT,Utah,49053,Basin and Range
"Washington County, VA",Washington County,VA,Virginia,51191,Eastern Uplands
"Washington County, VT",Washington County,VT,Vermont,50023,Northern Crescent
"Washington County, WI",Washington County,WI,Wisconsin,55131,Northern Crescent
"Washington Parish, LA",Washington Parish,LA,Louisiana,22117,Mississippi Portal
"Washita County, OK",Washita County,OK,Oklahoma,40149,Prairie Gateway
"Washoe County, NV",Washoe County,NV,Nevada,32031,Basin and Range
"Washtenaw County, MI",Washtenaw County,MI,Michigan,26161,Northern Crescent
"Watauga County, NC",Watauga County,NC,North Carolina,37189,Southern Seaboard
"Watonwan County, MN",Watonwan County,MN,Minnesota,27165,Heartland
"Waukesha County, WI",Waukesha County,WI,Wisconsin,55133,Northern Crescent
"Waupaca County, WI",Waupaca County,WI,Wisconsin,55135,Northern Crescent
"Waushara County, WI",Waushara County,WI,Wisconsin,55137,Northern Crescent
"Wayne County, GA",Wayne County,GA,Georgia,13305,Fruitful Rim
"Wayne County, IA",Wayne County,IA,Iowa,19185,Heartland
"Wayne County, IL",Wayne County,IL,Illinois,17191,Heartland
"Wayne County, IN",Wayne County,IN,Indiana,18177,Heartland
"Wayne County, KY",Wayne County,KY,Kentucky,21231,Eastern Uplands
"Wayne County, MI",Wayne County,MI,Michigan,26163,Northern Crescent
"Wayne County, MO",Wayne County,MO,Missouri,29223,Eastern Uplands
"Wayne County, MS",Wayne County,MS,Mississippi,28153,Southern Seaboard
"Wayne County, NC",Wayne County,NC,North Carolina,37191,Southern Seaboard
"Wayne County, NE",Wayne County,NE,Nebraska,31179,Heartland
"Wayne County, NY",Wayne County,NY,New York,36117,Northern Crescent
"Wayne County, OH",Wayne County,OH,Ohio,39169,Northern Crescent
"Wayne County, PA",Wayne County,PA,Pennsylvania,42127,Northern Crescent
"Wayne County, TN",Wayne County,TN,Tennessee,47181,Mississippi Portal
"Wayne County, UT",Wayne County,UT,Utah,49055,Basin and Range
"Wayne County, WV",Wayne County,WV,West Virginia,54099,Eastern Uplands
"Waynesboro City, VA",Waynesboro City,VA,Virginia,51820,Eastern Uplands
"Weakley County, TN",Weakley County,TN,Tennessee,47183,Mississippi Portal
"Webb County, TX",Webb County,TX,Texas,48479,Fruitful Rim
"Weber County, UT",Weber County,UT,Utah,49057,Basin and Range
"Webster County, GA",Webster County,GA,Georgia,13307,Southern Seaboard
"Webster County, IA",Webster County,IA,Iowa,19187,Heartland
"Webster County, KY",Webster County,KY,Kentucky,21233,Heartland
"Webster County, MO",Webster County,MO,Missouri,29225,Eastern Uplands
"Webster County, MS",Webster County,MS,Mississippi,28155,Mississippi Portal
"Webster County, NE",Webster County,NE,Nebraska,31181,Prairie Gateway
"Webster County, WV",Webster County,WV,West Virginia,54101,Eastern Uplands
"Webster Parish, LA",Webster Parish,LA,Louisiana,22119,Southern Seaboard
"Weld County, CO",Weld County,CO,Colorado,8123,Northern Great Plains
"Wells County, IN",Wells County,IN,Indiana,18179,Heartland
"Wells County, ND",Wells County,ND,North Dakota,38103,Northern Great Plains
"West Baton Rouge Parish, LA",West Baton Rouge Parish,LA,Louisiana,22121,Mississippi Portal
"West Carroll Parish, LA",West Carroll Parish,LA,Louisiana,22123,Mississippi Portal
"West Feliciana Parish, LA",West Feliciana Parish,LA,Louisiana,22125,Mississippi Portal
"Westchester County, NY",Westchester County,NY,New York,36119,Northern Crescent
"Western Connecticut Planning Region, CT",Western Connecticut Planning Region,CT,Connecticut,9190,
"Westmoreland County, PA",Westmoreland County,PA,Pennsylvania,42129,Eastern Uplands
"Westmoreland County, VA",Westmoreland County,VA,Virginia,51193,Southern Seaboard
"Weston County, WY",Weston County,WY,Wyoming,56045,Northern Great Plains
"Wetzel County, WV",Wetzel County,WV,West Virginia,54103,Eastern Uplands
"Wexford County, MI",Wexford County,MI,Michigan,26165,Northern Crescent
"Wharton County, TX",Wharton County,TX,Texas,48481,Fruitful Rim
"Whatcom County, WA",Whatcom County,WA,Washington,53073,Fruitful Rim
"Wheatland County, MT",Wheatland County,MT,Montana,30107,Basin and Range
"Wheeler County, GA",Wheeler County,GA,Georgia,13309,Southern Seaboard
"Wheeler County, NE",Wheeler County,NE,Nebraska,31183,Northern Great Plains
"Wheeler County, OR",Wheeler County,OR,Oregon,41069,Basin and Range
"Wheeler County, TX",Wheeler County,TX,Texas,48483,Prairie Gateway
"White County, AR",White County,AR,Arkansas,5145,Mississippi Portal
"White County, GA",White County,GA,Georgia,13311,Southern Seaboard
"White County, IL",White County,IL,Illinois,17193,Heartland
"White County, IN",White County,IN,Indiana,18181,Heartland
"White County, TN",White County,TN,Tennessee,47185,Eastern Uplands
"White Pine County, NV",White Pine County,NV,Nevada,32033,Basin and Range
"Whiteside County, IL",Whiteside County,IL,Illinois,17195,Heartland
"Whitfield County, GA",Whitfield County,GA,Georgia,13313,Eastern Uplands
"Whitley County, IN",Whitley County,IN,Indiana,18183,Heartland
"Whitley County, KY",Whitley County,KY,Kentucky,21235,Eastern Uplands
"Whitman County, WA",Whitman County,WA,Washington,53075,Basin and Range
"Wibaux County, MT",Wibaux County,MT,Montana,30109,Northern Great Plains
"Wichita County, KS",Wichita County,KS,Kansas,20203,Prairie Gateway
"Wichita County, TX",Wichita County,TX,Texas,48485,Prairie Gateway
"Wicomico County, MD",Wicomico County,MD,Maryland,24045,Southern Seaboard
"Wilbarger County, TX",Wilbarger County,TX,Texas,48487,Prairie Gateway
"Wilcox County, AL",Wilcox County,AL,Alabama,1131,Southern Seaboard
"Wilcox County, GA",Wilcox County,GA,Georgia,13315,Southern Seaboard
"Wilkes County, GA",Wilkes County,GA,Georgia,13317,Southern Seaboard
"Wilkes County, NC",Wilkes County,NC,North Carolina,37193,Southern Seaboard
"Wilkin County, MN",Wilkin County,MN,Minnesota,27167,Heartland
"Wilkinson County, GA",Wilkinson County,GA,Georgia,13319,Southern Seaboard
"Wilkinson County, MS",Wilkinson County,MS,Mississippi,28157,Mississippi Portal
"Will County, IL",Will County,IL,Illinois,17197,Heartland
"Willacy County, TX",Willacy County,TX,Texas,48489,Fruitful Rim
"Williams County, ND",Williams County,ND,North Dakota,38105,Northern Great Plains
"Williams County, OH",Williams County,OH,Ohio,39171,Heartland
"Williamsburg City, VA",Williamsburg City,VA,Virginia,51830,Southern Seaboard
"Williamsburg County, SC",Williamsburg County,SC,South Carolina,45089,Southern Seaboard
"Williamson County, IL",Williamson County,IL,Illinois,17199,Heartland
"Williamson County, TN",Williamson County,TN,Tennessee,47187,Eastern Uplands
"Williamson County, TX",Williamson County,TX,Texas,48491,Prairie Gateway
"Wilson County, KS",Wilson County,KS,Kansas,20205,Prairie Gateway
"Wilson County, NC",Wilson County,NC,North Carolina,37195,Southern Seaboard
"Wilson County, TN",Wilson County,TN,Tennessee,47189,Eastern Uplands
"Wilson County, TX",Wilson County,TX,Texas,48493,Prairie Gateway
"Winchester City, VA",Winchester City,VA,Virginia,51840,Southern Seaboard
"Windham County, VT",Windham County,VT,Vermont,50025,Northern Crescent
"Windsor County, VT",Windsor County,VT,Vermont,50027,Northern Crescent
"Winkler County, TX",Winkler County,TX,Texas,48495,Fruitful Rim
"Winn Parish, LA",Winn Parish,LA,Louisiana,22127,Southern Seaboard
"Winnebago County, IA",Winnebago County,IA,Iowa,19189,Heartland
"Winnebago County, IL",Winnebago County,IL,Illinois,17201,Heartland
"Winnebago County, WI",Winnebago County,WI,Wisconsin,55139,Northern Crescent
"Winneshiek County, IA",Winneshiek County,IA,Iowa,19191,Heartland
"Winona County, MN",Winona County,MN,Minnesota,27169,Heartland
"Winston County, AL",Winston County,AL,Alabama,1133,Eastern Uplands
"Winston County, MS",Winston County,MS,Mississippi,28159,Mississippi Portal
"Wirt County, WV",Wirt County,WV,West Virginia,54105,Eastern Uplands
"Wise County, TX",Wise County,TX,Texas,48497,Prairie Gateway
"Wise County, VA",Wise County,VA,Virginia,51195,Eastern Uplands
"Wolfe County, KY",Wolfe County,KY,Kentucky,21237,Eastern Uplands
"Wood County, OH",Wood County,OH,Ohio,39173,Heartland
"Wood County, TX",Wood County,TX,Texas,48499,Southern Seaboard
"Wood County, WI",Wood County,WI,Wisconsin,55141,Northern Crescent
"Wood County, WV",Wood County,WV,West Virginia,54107,Eastern Uplands
"Woodbury County, IA",Woodbury County,IA,Iowa,19193,Heartland
"Woodford County, IL",Woodford County,IL,Illinois,17203,Heartland
"Woodford County, KY",Woodford County,KY,Kentucky,21239,Eastern Uplands
"Woodruff County, AR",Woodruff County,AR,Arkansas,5147,Mississippi Portal
"Woods County, OK",Woods County,OK,Oklahoma,40151,Prairie Gateway
"Woodson County, KS",Woodson County,KS,Kansas,20207,Prairie Gateway
"Woodward County, OK",Woodward County,OK,Oklahoma,40153,Prairie Gateway
"Worcester County, MA",Worcester County,MA,Massachusetts,25027,Northern Crescent
"Worcester County, MD",Worcester County,MD,Maryland,24047,Southern Seaboard
"Worth County, GA",Worth County,GA,Georgia,13321,Southern Seaboard
"Worth County, IA",Worth County,IA,Iowa,19195,Heartland
"Worth County, MO",Worth County,MO,Missouri,29227,Heartland
"Wrangell City and Borough, AK",Wrangell City and Borough,AK,Alaska,2275,
"Wright County, IA",Wright County,IA,Iowa,19197,Heartland
"Wright County, MN",Wright County,MN,Minnesota,27171,Northern Crescent
"Wright County, MO",Wright County,MO,Missouri,29229,Eastern Uplands
"Wyandot County, OH",Wyandot County,OH,Ohio,39175,Northern Crescent
"Wyandotte County, KS",Wyandotte County,KS,Kansas,20209,Prairie Gateway
"Wyoming County, NY",Wyoming County,NY,New York,36121,Northern Crescent
"Wyoming County, PA",Wyoming County,PA,Pennsylvania,42131,Northern Crescent
"Wyoming County, WV",Wyoming County,WV,West Virginia,54109,Eastern Uplands
"Wythe County, VA",Wythe County,VA,Virginia,51197,Eastern Uplands
"Yadkin County, NC",Yadkin County,NC,North Carolina,37197,Southern Seaboard
"Yakima County, WA",Yakima County,WA,Washington,53077,Fruitful Rim
"Yakutat City and Borough, AK",Yakutat City and Borough,AK,Alaska,2282,
"Yalobusha County, MS",Yalobusha County,MS,Mississippi,28161,Mississippi Portal
"Yamhill County, OR",Yamhill County,OR,Oregon,41071,Fruitful Rim
"Yancey County, NC",Yancey County,NC,North Carolina,37199,Eastern Uplands
"Yankton County, SD",Yankton County,SD,South Dakota,46135,Heartland
"Yates County, NY",Yates County,NY,New York,36123,Northern Crescent
"Yavapai County, AZ",Yavapai County,AZ,Arizona,4025,Basin and Range
"Yazoo County, MS",Yazoo County,MS,Mississippi,28163,Mississippi Portal
"Yell County, AR",Yell County,AR,Arkansas,5149,Eastern Uplands
"Yellow Medicine County, MN",Yellow Medicine County,MN,Minnesota,27173,Heartland
"Yellowstone County, MT",Yellowstone County,MT,Montana,30111,Basin and Range
"Yoakum County, TX",Yoakum County,TX,Texas,48501,Prairie Gateway
"Yolo County, CA",Yolo County,CA,California,6113,Fruitful Rim
"York County, ME",York County,ME,Maine,23031,Northern Crescent
"York County, NE",York County,NE,Nebraska,31185,Heartland
"York County, PA",York County,PA,Pennsylvania,42133,Northern Crescent
"York County, SC",York County,SC,South Carolina,45091,Southern Seaboard
"York County, VA",York County,VA,Virginia,51199,Southern Seaboard
"Young County, TX",Young County,TX,Texas,48503,Prairie Gateway
"Yuba County, CA",Yuba County,CA,California,6115,Fruitful Rim
"Yukon-Koyukuk Census Area, AK",Yukon-Koyukuk Census Area,AK,Alaska,2290,
"Yuma County, AZ",Yuma County,AZ,Arizona,4027,Fruitful Rim
"Yuma County, CO",Yuma County,CO,Colorado,8125,Prairie Gateway
"Zapata County, TX",Zapata County,TX,Texas,48505,Fruitful Rim
"Zavala County, TX",Zavala County,TX,Texas,48507,Fruitful Rim
"Ziebach County, SD",Ziebach County,SD,South Dakota,46137,Northern Great Plains
